client_id,email_id
4000262298158823,nevaehhuff354@yahoo.com
4001563442001770,wallace564@mail.com
4003287025139389,mendez677@gmail.com
4003363238546650,sanchez228@yahoo.com
4003692008962832,david.sanford473@gmail.com
4003703336418973,abbott266@mail.com
4004241989218365,serenitygarza619@gmail.com
4005028242341301,alyssarasmussen131@gmail.com
4005397429250647,diaz067@yahoo.com
4005492253443184,anthonygrimes168@gmail.com
4005561769710805,alexandra.harmon365@mail.com
4007167286126711,gilliam687@yahoo.com
4007363623990162,luke.sosa206@yahoo.com
4008574016284869,justinlindsey124@yahoo.com
4009156007911954,kennedyvelez130@gmail.com
4011231523255545,matthew.rhodes554@gmail.com
4011648807958660,hannahhutchinson455@gmail.com
4011962945073583,lydiahines207@gmail.com
4012418950096307,amelia.mcfadden472@yahoo.com
4013994062586046,riggs573@gmail.com
4014755265961693,naomi.sweeney878@mail.com
4015189522661988,madisononeil798@mail.com
4015731765729160,bolton379@mail.com
4016287515774583,trinityfrost291@mail.com
4017356619476855,londonclements477@mail.com
4017495343903014,haileygarrison874@mail.com
4018926326483797,wyatt.fernandez332@mail.com
4019385199208709,arianna.sweeney156@yahoo.com
4021172075421341,allison.martinez761@gmail.com
4022877595861656,samuel.carrillo574@gmail.com
4023437145708136,anthonyduncan049@mail.com
4023440147656022,kayla.ramos190@mail.com
4024642604955008,jose.hooper618@yahoo.com
4026084862895261,henryfuentes192@gmail.com
4026116443036005,key538@yahoo.com
4026552686206832,wyattpennington701@yahoo.com
4027372423955016,jeremiah.atkinson541@gmail.com
4027834300676627,gonzalez038@gmail.com
4029085229091541,zamora526@gmail.com
4029390942537857,madelyncharles414@gmail.com
4030836903254590,emilyluna750@mail.com
4030853689326294,alyssasanford232@yahoo.com
4032114088599843,workman408@mail.com
4033286641800543,makaylafarley236@mail.com
4033881208388567,jaxonstewart590@gmail.com
4033964244330569,lilyyork460@mail.com
4034457972849180,dylan.fry819@yahoo.com
4034855641586960,daniels189@gmail.com
4034919007817839,sawyer066@yahoo.com
4037504349324970,london.pratt335@gmail.com
4037801715962288,kayla.gibson303@yahoo.com
4038889753210271,gilmore024@gmail.com
4039292757782396,haney129@gmail.com
4039434765524630,clairetaylor818@yahoo.com
4040191708288361,orr892@gmail.com
4043482523889799,madden509@gmail.com
4044383100646843,merrill665@yahoo.com
4045270089000366,baird264@yahoo.com
4045807208125614,elliestevens672@yahoo.com
4046858823145536,jose.noble498@yahoo.com
4048193664527586,violetcastillo017@gmail.com
4048556107600329,maya.conner076@gmail.com
4050006777353234,joyner171@gmail.com
4050415592246558,tristan.anderson714@gmail.com
4051644236156936,harding571@yahoo.com
4052970267949033,aidenstout246@yahoo.com
4053603395841017,peyton.deleon447@mail.com
4054294970398398,wynn042@yahoo.com
4054436874811733,flores869@yahoo.com
4054475809877724,gabrielhale457@mail.com
4055133485582691,haynes459@mail.com
4057245040159894,sanders489@mail.com
4057961486677716,harper.newton436@yahoo.com
4060828068565186,christopher.henderson375@gmail.com
4061022738658154,alexandrahoover070@mail.com
4061895922943684,simmons353@mail.com
4062324527747423,matthewstone743@yahoo.com
4062787222030370,wyatt728@gmail.com
4064741935834428,samantha.edwards671@yahoo.com
4064935753230491,zacharyhaynes103@mail.com
4066891467246158,cartercarpenter602@yahoo.com
4066897989580289,joshua.alford536@yahoo.com
4067647971006150,zoemanning111@mail.com
4068329442538835,melaniefulton537@yahoo.com
4069405021853529,piper.cain242@gmail.com
4069451375000325,terry502@yahoo.com
4069592725541565,barrera276@yahoo.com
4071010062982629,sydneydoyle589@yahoo.com
4071190246160639,alex.wynn098@yahoo.com
4071423991635111,alexander.oneill529@yahoo.com
4071630532074994,averychapman637@yahoo.com
4072963984593669,kidd346@gmail.com
4073817752490327,justin.weeks289@gmail.com
4073938563102511,samantha.humphrey893@yahoo.com
4074369015354022,joshuachapman124@mail.com
4075821933451156,xavier.jensen621@yahoo.com
4076580093207522,craig425@yahoo.com
4077300546229679,jayden.hughes199@mail.com
4079555316760405,robert.hayes354@mail.com
4081324151929823,sarahsnider325@gmail.com
4082064342478913,soto087@gmail.com
4082843442476657,graysonwelch353@yahoo.com
4083387438607445,shaffer510@mail.com
4083936859803303,abbott790@gmail.com
4084714116889889,jocelynmontoya326@mail.com
4085411201399036,chan299@mail.com
4085620157886859,lynch052@yahoo.com
4086140346201505,stephens510@gmail.com
4086976527778344,murphy204@yahoo.com
4087979668266839,aidenmccullough874@mail.com
4088593612745043,pennington347@yahoo.com
4089090585581066,landon.kim247@mail.com
4089473530147144,julianedwards746@mail.com
4089789937340895,beach455@mail.com
4089823996000957,pearson696@mail.com
4090529555126219,makayla.bishop583@gmail.com
4090604353114988,gianna.schwartz177@gmail.com
4090633881502521,alexa.love255@mail.com
4091739721831654,palmer339@yahoo.com
4092439597679332,raymond061@yahoo.com
4093313223943173,luisjohnson801@gmail.com
4093599291851286,mason.good211@gmail.com
4093774859294217,andreafuentes778@yahoo.com
4095105852158885,mcfadden289@yahoo.com
4096569168222157,abigailspence075@gmail.com
4097879039711125,lillianburch071@yahoo.com
4099137835860291,josephwilkins521@mail.com
4102064928577464,anthony.delgado750@gmail.com
4102086739611364,wyatt490@mail.com
4102599259419208,cochran012@yahoo.com
4104028409120795,christian.hess782@mail.com
4104083461103882,michael.pittman317@mail.com
4105642285324914,sebastianjohns718@gmail.com
4106825202684184,sebastianweeks353@yahoo.com
4106930113280146,jacele225@gmail.com
4108267132821842,chloe.dejesus011@yahoo.com
4108455648865995,zoe.sampson586@mail.com
4108539330122920,jacele225@gmail.com
4108710245886541,samantha.montgomery613@yahoo.com
4109344572520439,medina680@mail.com
4111601260795433,sims233@yahoo.com
4112155611428482,foreman031@mail.com
4112232831289174,hunter.hardy505@yahoo.com
4112359375475446,bella.bean477@gmail.com
4112936347357404,obrien331@mail.com
4113290478448015,aarongrimes066@mail.com
4113346351685410,samanthamathews439@yahoo.com
4113412880613503,osborn103@gmail.com
4114375793947004,carter.morton391@mail.com
4114705319793104,herman459@gmail.com
4115209228991148,noah.bush233@mail.com
4115659483397045,bright643@yahoo.com
4116106510440447,park481@mail.com
4117982084174946,lillianstephenson090@gmail.com
4119028638945023,peyton.reese478@mail.com
4119291837292536,jasmine.ortiz781@mail.com
4119673979560418,emma.bentley598@yahoo.com
4119700034584982,cross858@mail.com
4121326105105956,reyes235@gmail.com
4121431444407848,cote329@gmail.com
4121559561928749,robles511@gmail.com
4122719516801958,olivia.mckay259@yahoo.com
4123634035084946,nolanobrien574@yahoo.com
4124052784818704,bailey.grimes012@mail.com
4125416032094732,tucker314@gmail.com
4125954779213933,smith727@yahoo.com
4126691129525603,ryanmcdowell515@gmail.com
4127427548008031,allisonrocha828@yahoo.com
4132956160773830,faithhumphrey853@mail.com
4133756949687114,lucas529@yahoo.com
4134027514035769,aaliyah.dean003@yahoo.com
4135150268013060,cooke498@mail.com
4136272771689464,zoey.kinney411@yahoo.com
4136587235881187,lambert404@gmail.com
4139040489846297,luisstephens303@yahoo.com
4139077592675825,carlos.pacheco534@mail.com
4140906397903346,julianperez134@gmail.com
4142167659160681,quinn201@mail.com
4143174624913375,daniel.frederick483@gmail.com
4143201113853471,katherine.garcia010@yahoo.com
4143326022675945,jocelynhensley874@gmail.com
4143665054748892,marquez058@gmail.com
4144526527104478,victoria.mathews896@mail.com
4145633201080203,jacobcox697@yahoo.com
4145972151592522,douglas157@yahoo.com
4146835337359802,mathis208@mail.com
4147671621370448,olivia.mccoy355@gmail.com
4148064211723367,beck772@mail.com
4148313940113741,jeremiahodom761@mail.com
4148365436477717,fox610@gmail.com
4150360627927906,averyleblanc337@mail.com
4151398201183099,ariana.dale874@mail.com
4152091647207122,owen406@gmail.com
4153032831756739,ethansuarez422@gmail.com
4154142000360004,thomasturner176@mail.com
4154354937377304,graves685@gmail.com
4154930623544537,aydenhuffman692@yahoo.com
4155330306734621,fields354@yahoo.com
4155381678231241,craft874@mail.com
4157130410511172,amelia.clay508@gmail.com
4157843334023823,fuller241@yahoo.com
4158697859690245,oliver.cote703@mail.com
4159589531552399,stokes891@yahoo.com
4159596906771793,lily.tyler004@mail.com
4159656534470299,johnwiggins847@yahoo.com
4160613779505609,liamdonovan218@mail.com
4162026659035308,aaliyah.dean003@yahoo.com
4162551672612197,leonard475@mail.com
4162616937174869,tyson069@gmail.com
4163235880264921,juanharrington542@mail.com
4163294925599395,morris598@yahoo.com
4164264381548003,schmidt776@mail.com
4165037134036065,anna.tanner878@gmail.com
4165066324419757,beard399@mail.com
4165178068658571,lucaslittle852@yahoo.com
4166431233800076,adrian.contreras332@gmail.com
4168362046219311,lucas.hernandez137@yahoo.com
4168785726131861,powell204@gmail.com
4170000792420537,scarlettgrant033@gmail.com
4170276846953026,short252@gmail.com
4171061522942611,parker.mayer003@mail.com
4173225646842142,cox539@yahoo.com
4173599381651847,ethan.christensen590@gmail.com
4175579019485584,aubreyshaffer741@mail.com
4176167243885511,ethanmullen210@mail.com
4177175269257464,emmacamacho712@gmail.com
4177229992690911,sebastian.cruz868@yahoo.com
4177239856164770,autumn.obrien202@gmail.com
4177432005061415,josephpetersen840@mail.com
4177761667565713,katherine.knox409@gmail.com
4177912557394033,autumnanthony149@gmail.com
4177986816722630,klein757@gmail.com
4179369914228248,brayden.rowe580@mail.com
4179519105007617,madelineestes116@mail.com
4182098749576399,danielalbert589@yahoo.com
4182170232554835,jacob.paul530@yahoo.com
4183031463895793,ayala486@yahoo.com
4183113120685542,sofiapreston877@mail.com
4183338565847683,olivia.bryan584@mail.com
4183513376059534,alex.mcintosh196@mail.com
4183934808024468,nelson406@gmail.com
4184376544073673,joshuacarson486@yahoo.com
4184446510747343,tillman595@yahoo.com
4184511639847108,patterson289@yahoo.com
4184674367293257,harperrussell490@mail.com
4185373451908511,avery390@mail.com
4185643022952598,guy678@gmail.com
4187232823719741,wyatt732@yahoo.com
4187402035070312,copeland187@mail.com
4187593819180556,bella.tate316@mail.com
4189084919340470,autumn.obrien202@gmail.com
4190352822415748,andrea.avery192@gmail.com
4190361764358014,samanthavincent799@mail.com
4190957192290123,henson701@yahoo.com
4191011749594956,wyatt007@mail.com
4192545698216995,stephenson686@gmail.com
4192633120470420,lydia.orr752@yahoo.com
4194773486993140,lloyd350@mail.com
4195155212669542,josephphillips720@mail.com
4197132894623475,nicholson170@mail.com
4197629111094133,madelyngoodman248@yahoo.com
4198435702368020,booker828@yahoo.com
4198678616534605,piper.cantrell319@gmail.com
4199434405038765,chase.nguyen892@yahoo.com
4199691491495296,suarez763@gmail.com
4204025636837885,londoncervantes130@gmail.com
4204424879415824,naomipetty013@yahoo.com
4205234009766569,luis.walker488@yahoo.com
4205354721885800,levigibbs046@yahoo.com
4207004847922643,anthony.delgado750@gmail.com
4207479482217709,jaydensweet588@yahoo.com
4209134795306727,dickson523@yahoo.com
4209484694165579,bright643@yahoo.com
4211897093277784,sofiagaines047@mail.com
4212124654788516,averypoole331@yahoo.com
4212264380783686,laurenhatfield866@mail.com
4213086870020132,xavier.grant705@mail.com
4213604957485018,loganbernard007@yahoo.com
4214090336905679,sebastianmccray422@yahoo.com
4217043325536838,herring028@mail.com
4217441680542922,calhoun819@yahoo.com
4217539495535682,isaiah.navarro081@gmail.com
4217903695633236,jacktillman009@gmail.com
4218672039256249,tylergolden386@yahoo.com
4219810616185956,sykes258@mail.com
4220751475718676,olivermoody069@yahoo.com
4223709762335098,austin.duffy449@yahoo.com
4224355645829946,vaughn766@gmail.com
4225202907351939,bentley.nicholson087@yahoo.com
4225384545849506,lucy.jarvis275@yahoo.com
4225715906196864,charles.kent674@mail.com
4226175679056069,robertbrooks144@mail.com
4226181576519233,ryder.dickerson429@mail.com
4226807399808672,acosta867@yahoo.com
4227033032561649,aaliyah.dean003@yahoo.com
4227838052408491,taylor.cochran176@gmail.com
4228819726010334,melanie.lester312@gmail.com
4229918599611563,cooperprince015@mail.com
4230120200306785,lydiapacheco168@yahoo.com
4230180658940568,sarah.ball190@gmail.com
4230481989173287,fox706@mail.com
4230844775781425,wyatt.freeman647@mail.com
4231495542541615,giannahorton711@mail.com
4232068116091637,charles.dean021@yahoo.com
4232351883781584,smith727@yahoo.com
4232724172320142,sofia.nolan553@yahoo.com
4233581979009693,gianna.west038@yahoo.com
4233771527858408,gracehale545@mail.com
4233836617906514,laurenhatfield866@mail.com
4234817405845915,madelynfry374@yahoo.com
4234822040176536,connorpratt329@mail.com
4234989201380858,madison.hayden475@gmail.com
4235144196870724,wynn357@mail.com
4235720212202008,shelton448@gmail.com
4236852246619920,ashley.harper180@mail.com
4236979008230404,rivera498@gmail.com
4238126549448065,booker775@gmail.com
4238141791902511,nathanmarsh436@yahoo.com
4238865748577162,christian.sharp337@mail.com
4240266747309945,annagallegos130@gmail.com
4240526251756975,evelyn.rosales468@mail.com
4241012461055556,andrew.pollard763@yahoo.com
4241325531430090,harmon620@yahoo.com
4241552215943508,sargent745@yahoo.com
4243609700137810,julianfisher592@gmail.com
4243736905160279,makayla.horn347@gmail.com
4244276967777792,aria.acosta473@mail.com
4244364024932160,averyfranco287@yahoo.com
4244547648522926,green124@mail.com
4244641820688173,annabellelogan456@gmail.com
4245418027410514,elizabeth.cabrera233@yahoo.com
4246332278042760,davidmoody090@yahoo.com
4247680303993426,faithirwin793@mail.com
4249059554581511,ameliawilliams612@mail.com
4249259022470962,garcia599@mail.com
4249776500720303,christianhenderson246@gmail.com
4251668852643586,nicholasbeach517@mail.com
4252667307852015,connor.chase694@mail.com
4252827768167010,thomaslangley100@yahoo.com
4253306676030635,sykes258@mail.com
4253699305084902,eastonterry623@mail.com
4254464364160328,deleon763@gmail.com
4255154651936014,madison.huff800@yahoo.com
4255635740060949,wilkerson528@mail.com
4255910952615288,kirkland626@mail.com
4256058147191408,kimberly.blevins625@mail.com
4256597387335233,dickerson485@yahoo.com
4256666479486343,rileymaynard124@yahoo.com
4257299891912156,cohen853@mail.com
4257680611903346,graves131@mail.com
4257860362540808,sears777@mail.com
4257883667668843,genesisfitzgerald354@mail.com
4258124098758724,graham587@gmail.com
4259708747802716,rich391@yahoo.com
4260042513364421,kevinvinson102@yahoo.com
4260251687526257,victoriaryan692@gmail.com
4260868679964558,jaxonflynn550@yahoo.com
4261280751216585,king518@mail.com
4261541080564148,gabriella.castaneda401@yahoo.com
4263188782777608,julianglover386@yahoo.com
4263437151893144,peytoncooley250@mail.com
4263461073849547,sophiafrederick688@mail.com
4263654010257903,kevin.guthrie866@yahoo.com
4263786783320052,addison.paul501@mail.com
4264257864138556,charlesgardner307@yahoo.com
4264273462760196,lowe211@yahoo.com
4264766619629891,gavin.sweet152@yahoo.com
4265876508756694,annabellevelazquez668@yahoo.com
4266584141147805,christopher.leach028@mail.com
4268540240633770,nathancochran620@gmail.com
4269090833076986,page573@gmail.com
4269798583121311,cooperprince015@mail.com
4271457860149836,angel.terry400@mail.com
4271776129532049,solomon233@mail.com
4271806958596649,connorbrowning266@gmail.com
4272263332789848,jonathan.sexton806@yahoo.com
4274910422588252,benjamin.cherry409@yahoo.com
4276261680154157,melanie.newman611@yahoo.com
4276780407434360,anthonyking387@mail.com
4277614195288184,phelps823@gmail.com
4277676860904510,averyblackburn080@mail.com
4278743980438818,evanrodriquez745@yahoo.com
4278759780583975,jace.mayo232@mail.com
4279690027500416,herring028@mail.com
4279704832241403,johncantrell585@yahoo.com
4280242183162420,laurenclemons466@mail.com
4281436553284462,maynard708@gmail.com
4281636084359861,kaylacontreras656@mail.com
4282302008588528,cameron.walls576@mail.com
4282560001538788,ethan.bailey654@mail.com
4283515391560064,violetprince230@mail.com
4284093895336463,aydenfaulkner240@mail.com
4287532612449528,lucas.drake370@yahoo.com
4288920333681454,alexa.love255@mail.com
4289558068356691,luis.barron423@yahoo.com
4290352112471160,johns342@gmail.com
4290541749145698,johnson755@gmail.com
4290816588770966,annabelle.powers858@yahoo.com
4290950769528818,isabellagarrison068@yahoo.com
4291102286594639,roberts023@gmail.com
4292860068242706,nash323@mail.com
4294516568217782,jacobson704@mail.com
4296533944186795,alexandra.crane598@mail.com
4296656041101993,zoeyvang735@mail.com
4297130158974641,natalie.benton096@gmail.com
4301167084630263,isaiahkinney072@gmail.com
4302654745313479,beard502@gmail.com
4302733953981720,evan.cherry552@gmail.com
4303860698359695,nevaehmeyers125@mail.com
4304004315787876,baileyrivers722@yahoo.com
4304063113458601,salas061@gmail.com
4305356709587604,jace.monroe094@gmail.com
4305556936773089,evan.stafford008@yahoo.com
4306404126194304,cooper.macias438@mail.com
4306962156510079,hendricks036@yahoo.com
4307025718766461,molly.craig507@yahoo.com
4308232502956956,zachary.hutchinson118@gmail.com
4308295250712814,nunez445@mail.com
4308368744812944,gilliam496@yahoo.com
4308951840463645,garner537@yahoo.com
4309007999217651,riley.owens864@yahoo.com
4310316851662277,stellalittle146@gmail.com
4310442067316977,riddle877@gmail.com
4310610183929242,daniel.oneil333@yahoo.com
4311036844080028,piper.barr227@mail.com
4311319291459915,lucyhinton794@yahoo.com
4311498120139102,makaylasuarez468@mail.com
4311641485345133,owenatkins317@mail.com
4313740219963795,rowe712@mail.com
4314015771039881,howard331@gmail.com
4314474621756543,zacharylindsey130@gmail.com
4314944400873131,bryson.foley327@gmail.com
4315293233972887,audreylynn656@yahoo.com
4315710422848545,carson.marquez382@gmail.com
4316418040533411,andrew.whitley451@yahoo.com
4316862246270437,chan299@mail.com
4318253548818677,jeremiahroth449@yahoo.com
4319436428882363,autumn.mosley763@mail.com
4319836568387463,henrypitts131@mail.com
4320984678131400,dominicbonner843@mail.com
4321771579647447,espinoza453@yahoo.com
4322325239174737,giannabooth458@gmail.com
4322398585784169,castaneda485@mail.com
4322528275166174,chavez119@gmail.com
4323658315425410,stafford130@yahoo.com
4324161873922554,ellielawson817@mail.com
4324421756933890,eastonfry125@gmail.com
4325474476187346,alyssa.mcgee354@yahoo.com
4325814129684480,makaylabean515@mail.com
4328055373704445,potter708@gmail.com
4328379264808622,burks555@mail.com
4328793391053763,joshuacook428@gmail.com
4329499868776071,camila.reyes482@yahoo.com
4329881049367393,arianadotson329@gmail.com
4330153686967241,pennington484@mail.com
4330535653281459,haileypruitt105@yahoo.com
4330928595903233,gabriella.wilkerson470@gmail.com
4331677531758164,davidgarrett402@mail.com
4331743204745472,salas644@gmail.com
4332041697673718,claire.aguirre583@gmail.com
4332676351443252,hancock809@mail.com
4333274704613638,parrish651@yahoo.com
4333476280842404,gabrielroman584@yahoo.com
4334109988577449,trinity.bauer138@mail.com
4334389480674809,alexa.love255@mail.com
4335028710758417,vinson431@yahoo.com
4335179262939069,alexa.roach022@gmail.com
4335829147665657,price790@gmail.com
4336295600734670,avalopez477@gmail.com
4336514214313568,anna.stewart385@gmail.com
4337406536864155,madelyn.osborne718@yahoo.com
4338526025471581,ella.yates281@gmail.com
4339211233964813,morgan.landry407@gmail.com
4340089902996424,davidhead088@yahoo.com
4340252304950387,aidenhaley063@mail.com
4340890284674277,ryan.justice234@yahoo.com
4342191205986272,owen.melton003@mail.com
4342547155714578,wiley009@mail.com
4343085031986036,elizabethwillis248@gmail.com
4347564237303986,damiankirkland150@yahoo.com
4348258110832968,hunter.moreno638@gmail.com
4349398553128059,abigaildoyle437@gmail.com
4349883400448859,haley630@gmail.com
4353644085204410,becker470@gmail.com
4353753075249739,kennedy.cannon796@yahoo.com
4354149196946999,ella.mcleod761@mail.com
4354642218884453,harperrichards271@yahoo.com
4355422496300129,brody.conley258@gmail.com
4356023390365876,oconnor139@gmail.com
4356476157042965,aguilar853@yahoo.com
4356748945179691,gay856@yahoo.com
4356946318906399,nataliele660@mail.com
4360264835458934,ryanunderwood473@yahoo.com
4360345049319580,hickman094@gmail.com
4360969907245619,alexa.castro520@yahoo.com
4361311290965124,alexis.barker037@gmail.com
4361320687369865,fuller326@mail.com
4361430867617569,arnold879@gmail.com
4361868504370144,goodwin265@yahoo.com
4363966958216991,dylanday895@mail.com
4365175470612483,hannahrosa766@mail.com
4365191117242816,wong293@gmail.com
4365881129710319,josephpennington190@yahoo.com
4366233210997984,loganpreston130@yahoo.com
4367457967571051,massey212@gmail.com
4368039047483033,easton.garrison525@gmail.com
4368346253075134,blakemontoya768@mail.com
4368941839275933,jack.rivera043@mail.com
4369963425091036,santana812@yahoo.com
4371313421467630,dorsey879@yahoo.com
4371685259126911,julianharper354@yahoo.com
4373538864407028,cole502@gmail.com
4373905311743083,castillo025@yahoo.com
4375098688928335,austinhall379@gmail.com
4375167536680925,graves843@yahoo.com
4375295706700411,lucas.franklin262@mail.com
4375906530482618,castro541@mail.com
4375961711913592,malone197@gmail.com
4376783130065823,jace.mayo232@mail.com
4378906267012692,patel395@mail.com
4380871206128023,dominic.luna634@mail.com
4382473367550943,jocelyn.albert459@gmail.com
4382633357707924,isaiahowen598@yahoo.com
4383834172932320,bailey.dorsey729@mail.com
4384445228683236,torres887@gmail.com
4384501712356844,george568@yahoo.com
4384797773946925,john.steele828@yahoo.com
4385314930526902,audreylangley865@mail.com
4386788352005363,harrell504@yahoo.com
4386960884261554,molly.soto164@mail.com
4389315980032473,malone399@gmail.com
4389694573577718,reeves457@yahoo.com
4391000897396387,cardenas300@mail.com
4391932735644232,jaxonweaver491@mail.com
4392078511994000,johngay547@yahoo.com
4392351501808427,charlotte.schroeder518@yahoo.com
4392475965396122,levi.reed630@yahoo.com
4392972139393704,bradford643@gmail.com
4393334415571637,alexasanders373@gmail.com
4394906521324032,quinn003@gmail.com
4395007490789161,davenport009@gmail.com
4395305043533783,gavin.wyatt079@gmail.com
4396554476112859,dylanskinner376@gmail.com
4396983452321285,cole502@gmail.com
4397117480848402,sparks273@yahoo.com
4397146202516732,julia.livingston617@gmail.com
4397818619742214,maxwell078@mail.com
4398695865837644,bentley.evans390@mail.com
4398948414920662,small885@yahoo.com
4399003671380496,ethanreynolds156@mail.com
4399682851373536,thomas.hodges131@gmail.com
4400726321964981,mercer771@mail.com
4400790160142471,price153@yahoo.com
4401952361554313,morrison334@gmail.com
4404635650481622,lucas.blanchard420@mail.com
4404997021718771,grayson.watson558@mail.com
4405088214708909,banks088@mail.com
4406223153245790,mackenzie.ford711@yahoo.com
4406239173578614,chloe.guthrie199@yahoo.com
4406590606962944,bryson.reeves425@mail.com
4407202536768347,brianna.savage307@yahoo.com
4408291444824572,sydneydeleon502@gmail.com
4408531989626290,ryanabbott420@yahoo.com
4408912613765086,trinity.walton034@gmail.com
4408986859039570,dickerson485@yahoo.com
4413271907779045,samuelsweet384@mail.com
4413507281289170,kimberlykirk763@mail.com
4415340892892788,soto289@gmail.com
4417644387506946,hartman185@yahoo.com
4417758042062622,blake.pickett042@yahoo.com
4419182635608717,audrey.sellers440@yahoo.com
4419230959678921,jeremiah.ellison620@mail.com
4419977063957662,page885@mail.com
4420726751119250,jacksoncharles022@gmail.com
4422210370555044,michaelgould451@gmail.com
4423201807841452,bradford643@gmail.com
4423342420034313,miranda448@gmail.com
4424760228504972,kayleebailey674@gmail.com
4425740586785255,montgomery850@yahoo.com
4425836173331204,kirby102@yahoo.com
4426893383343148,burns354@gmail.com
4427640983414590,aaliyah.fields248@yahoo.com
4428125340851527,palmer406@yahoo.com
4428588313894966,anna.parsons507@gmail.com
4428841274088940,kyliehumphrey171@mail.com
4429173344998018,atkins615@yahoo.com
4429596337569497,grayson.french004@gmail.com
4430904523269939,farley657@mail.com
4430994947390460,kayla.foreman831@gmail.com
4431072405781980,lillian.sampson442@yahoo.com
4431101543378654,damian.lucas295@mail.com
4431495227286716,brysonguerrero527@mail.com
4434082460852821,kaylacameron539@yahoo.com
4434260830821888,luissalazar167@gmail.com
4434707424166492,ariannadrake596@mail.com
4435544918533575,gordon706@yahoo.com
4437881329816092,reagan.castillo147@yahoo.com
4438574031047432,aidenball034@mail.com
4439746118445924,bellamccarty567@yahoo.com
4440132351948444,rivera106@yahoo.com
4440700350368788,thompson468@mail.com
4441356311228626,kane884@yahoo.com
4441637794891901,camilamaynard790@gmail.com
4441717347417477,brianna.stevenson591@yahoo.com
4441933182374554,addison.joyner563@gmail.com
4442008565981967,logandudley863@gmail.com
4442323116925938,elizabethglass358@yahoo.com
4442629978196420,carterdoyle543@gmail.com
4443143557657264,sarahparsons155@yahoo.com
4443289569986231,barton761@yahoo.com
4443315290300325,oliverwatkins837@gmail.com
4443322897151424,luisgill855@mail.com
4446010900528798,graves317@yahoo.com
4446752661282574,naomi.maldonado320@yahoo.com
4446875237836019,mcbride046@yahoo.com
4447241706149625,caleb.carrillo743@yahoo.com
4447511477755168,ryanjensen339@mail.com
4448441187888100,barrera276@yahoo.com
4449906151022281,masonmatthews229@mail.com
4451188439882894,trevino257@mail.com
4451806979306780,adrian.middleton846@gmail.com
4452283565655724,cabrera082@yahoo.com
4454474872987417,emmaholder571@yahoo.com
4457041930108935,ashleychavez544@gmail.com
4458335281161579,pearson438@mail.com
4458470491921544,hayes317@mail.com
4459851844023303,clayton467@gmail.com
4460270695778575,jonathan.hernandez508@yahoo.com
4462424114784114,naomi.sweeney878@mail.com
4464350226750677,ariasuarez109@yahoo.com
4464992992556968,zacharyvargas434@mail.com
4465357841792546,beard437@mail.com
4466180586746033,daniel.wooten580@yahoo.com
4466643706571557,adrianhawkins563@gmail.com
4466940491920092,adam.sexton148@yahoo.com
4467121153418522,james.sweeney343@yahoo.com
4467191858376820,giannafrazier601@mail.com
4467289120084071,scott018@gmail.com
4468178308930925,alexanthony213@yahoo.com
4468401301727464,tristansexton009@gmail.com
4468895771815164,cunningham461@yahoo.com
4469670812514301,lynn083@yahoo.com
4470999474688260,snow220@yahoo.com
4471508192998213,santiago193@mail.com
4472384681023320,gabriellashields182@gmail.com
4473271909407121,andrewcase742@mail.com
4473623993000602,klein237@mail.com
4473701362866561,brysoncombs212@gmail.com
4474085481231520,hannahwalls228@gmail.com
4474661567526437,sophia.mosley331@mail.com
4474935450421389,smith727@yahoo.com
4475032511191273,ochoa441@mail.com
4475100955418054,terrell830@yahoo.com
4476370762871733,mcmillan589@mail.com
4476764662940483,ariacastillo333@mail.com
4478019778319462,prince879@gmail.com
4479899706242558,cameronmyers148@yahoo.com
4480450198545772,medina723@gmail.com
4480602326961178,isabellaferrell820@yahoo.com
4482454816337198,david.vasquez573@gmail.com
4483116075882300,joseph.blanchard674@yahoo.com
4483246853393178,horne822@gmail.com
4483462509893996,sydneydean203@yahoo.com
4484837673287480,sims155@yahoo.com
4485136419900814,vaughn753@mail.com
4485357233675057,washington757@gmail.com
4485497733735272,madelynrandolph103@yahoo.com
4487130848659776,leah.rich128@mail.com
4488381058533529,mcdowell688@yahoo.com
4488504402421360,sexton509@yahoo.com
4489334801680930,sydneygalloway131@yahoo.com
4489492504194292,evanyang759@mail.com
4489793797409135,skylar.meadows544@yahoo.com
4490787977959387,jackson.vazquez428@yahoo.com
4491386483253002,reaganfigueroa669@gmail.com
4492546995203931,noah.best047@mail.com
4493709196922175,wilkerson735@gmail.com
4494201194811161,brianna.arnold492@yahoo.com
4494518278783127,matthews207@gmail.com
4494798458918996,evelyn.jacobson572@gmail.com
4495105700041776,bender056@yahoo.com
4495938212480235,layla.dillard126@yahoo.com
4495947612747697,leviburnett117@gmail.com
4496582625824305,jaxoncase080@yahoo.com
4497468299757444,bailey.spencer851@mail.com
4497813332475597,parker197@gmail.com
4499189493575170,josephblake124@yahoo.com
4499190640012125,elizabethnixon856@mail.com
4499216871774727,chandler353@yahoo.com
4501862290750321,savannahpowell225@mail.com
4502525662160580,mcgee299@mail.com
4503569600510372,beard636@mail.com
4503688355429461,bradford643@gmail.com
4503837676285983,huntersalinas418@gmail.com
4505045348385169,noah.hunt033@yahoo.com
4505552432312983,sebastian.rivas834@yahoo.com
4505604823750451,aubreecampbell840@yahoo.com
4506226815556438,moses525@yahoo.com
4506610161723488,ryderleblanc437@yahoo.com
4506735491541761,brandon.gibson838@yahoo.com
4508245506496645,avery.vazquez230@mail.com
4508457481196674,luismay845@mail.com
4510154608250932,jamesterrell328@mail.com
4511207509216474,dennis418@mail.com
4512919791295219,page492@gmail.com
4514301954937499,isabella.witt209@mail.com
4514693839493098,zoe.green754@gmail.com
4515286192484645,nolan.callahan535@mail.com
4517055444810388,petersen886@gmail.com
4517835902607297,laylaacosta116@mail.com
4517966638747469,robbins293@mail.com
4518892311664202,morales309@gmail.com
4520348351289471,patrick341@yahoo.com
4520752149434648,parrish026@mail.com
4521464191345156,eastonsolomon171@mail.com
4522712232695248,marquez647@yahoo.com
4522992177133542,allisonharris299@yahoo.com
4523811835038845,mackenziemoses245@gmail.com
4524501695416095,glass201@mail.com
4524670155497091,tristanpowers077@gmail.com
4524742451942888,ryder.sexton203@mail.com
4525143795073911,josephbrennan392@gmail.com
4526167639621956,coltonmelendez309@gmail.com
4527457318877691,joshualambert855@yahoo.com
4528370142618620,washington775@yahoo.com
4528825086316192,charles.randolph695@mail.com
4531343684833357,alexwyatt109@gmail.com
4534652186472556,moody889@mail.com
4534830934208478,alexisrosa506@yahoo.com
4535325031527077,marsh012@gmail.com
4536276652259202,langley471@gmail.com
4536625049252330,carsonpatton038@yahoo.com
4536665141272927,alexissavage611@mail.com
4537481840926337,vaughn845@mail.com
4537756356842121,sydneydeleon502@gmail.com
4538484255567363,stephens762@mail.com
4539021023135138,vasquez721@mail.com
4539364639061292,faith.lang655@mail.com
4539709765505878,aydenchurch237@gmail.com
4539883298490484,sebastian.oliver451@gmail.com
4540155641782389,samuel.bullock489@gmail.com
4540631269881588,xavierbrock577@yahoo.com
4540761899690354,merritt878@yahoo.com
4541422671100398,luis.francis384@gmail.com
4542456671094507,kent614@yahoo.com
4543827304341342,zacharyhaynes103@mail.com
4544169120375215,hanson834@yahoo.com
4544984958586265,sutton863@gmail.com
4547755868399925,leah.lindsey880@gmail.com
4547803786757020,case388@yahoo.com
4548894707207830,makaylabradshaw610@mail.com
4549240653102493,blackwell175@mail.com
4550165904381412,barnes088@yahoo.com
4550479324602293,larsen434@yahoo.com
4550861816801949,robert.campos782@gmail.com
4550988181925290,brooklyn.brady487@mail.com
4551436445925531,oliviaavila851@gmail.com
4551883638677504,lillianwong600@yahoo.com
4552135395757139,gavincote377@mail.com
4552905622355794,dickerson485@yahoo.com
4554030274921716,madelinepace245@gmail.com
4555039597977171,katherinemccarty724@mail.com
4555544427410343,rydermaxwell113@mail.com
4559722197617901,dylangoodwin223@gmail.com
4560907316501741,donaldson209@gmail.com
4561821301360238,autumn.santos610@mail.com
4562190934995292,adrian.ball465@gmail.com
4563033163342050,brooklyn.mcmillan703@mail.com
4565355672462378,andrew.terrell038@yahoo.com
4566129443830661,franks802@mail.com
4566594846374858,tyson069@gmail.com
4567015229716621,oliverhoward807@yahoo.com
4567657695237739,josiahcameron741@gmail.com
4567696222253355,cross683@gmail.com
4568316707255259,tillman635@mail.com
4568818385085064,salinas749@mail.com
4569146532642317,parkerbauer874@gmail.com
4570358619709862,alexander840@gmail.com
4570468168065614,nicholas.allison559@gmail.com
4570557579240483,knowles282@gmail.com
4570609589821222,chasesilva076@yahoo.com
4570854883335319,elizabeth.bell768@yahoo.com
4572263749659755,bentleymoon509@gmail.com
4573222144383485,joseanthony503@gmail.com
4574876262818264,atkins154@mail.com
4574953063114134,alexis.sampson649@mail.com
4575236693667757,lindsay072@gmail.com
4575854710192276,whitley488@mail.com
4576630341765030,colton.galloway477@yahoo.com
4577338263228974,josephbolton632@gmail.com
4578805290016365,aubree.huff692@mail.com
4578924701799566,byrd236@gmail.com
4581257248960374,parker.pearson813@gmail.com
4581846913785627,byers382@yahoo.com
4582265634822032,owenhooper862@yahoo.com
4585696182701268,velasquez142@yahoo.com
4585741851642383,cole015@yahoo.com
4586640725897521,evan.anderson637@gmail.com
4587261056235451,patterson505@yahoo.com
4590131467493012,serenity.allen086@mail.com
4590304043006299,hudsonholman606@yahoo.com
4591895895347631,kyliecobb726@yahoo.com
4592840153566596,hannahbuckley530@gmail.com
4594270277681238,bray860@gmail.com
4594636258234371,kevinbauer026@yahoo.com
4594834755784556,anna.carey655@yahoo.com
4595227642240222,gavin.larsen158@yahoo.com
4596281348089598,ariannacontreras716@yahoo.com
4597772276051013,mccormick220@mail.com
4599050157301809,mason.guthrie077@yahoo.com
4600266105065844,zoecox754@mail.com
4600670705923155,santos633@gmail.com
4601606453396466,aiden.cunningham295@mail.com
4601715060029160,spencer872@mail.com
4604916725786429,christopherhorne054@yahoo.com
4605677101806368,gavinbeard849@yahoo.com
4607039963246365,josiah.randolph363@mail.com
4607455033454344,oliviahicks092@yahoo.com
4607772348126205,jacekeith341@mail.com
4608117801428988,serenity.carlson357@yahoo.com
4608720787737825,juan.rojas134@mail.com
4609661544224161,alexkaufman193@gmail.com
4611338620600327,ayden.sheppard139@mail.com
4611343864349953,walsh123@gmail.com
4612363851424956,sellers576@yahoo.com
4613904604372395,haileyglass521@mail.com
4615559998933778,bentley.davidson595@yahoo.com
4616376757666211,robinson520@gmail.com
4618080737069359,buchanan656@yahoo.com
4618830690916396,victoria.ramsey563@yahoo.com
4619876738183670,emmatate371@yahoo.com
4620074688280954,frazier261@yahoo.com
4621598568993236,chen068@gmail.com
4622665263189011,forbes093@gmail.com
4622772015406154,zoe.rios391@mail.com
4625220245593026,nicholas.caldwell139@mail.com
4628025983097834,morris313@yahoo.com
4628100634736740,sydney.mccullough162@mail.com
4628588606530481,pollard100@mail.com
4629142677497490,ashley.boyle339@mail.com
4630489359371312,frye540@gmail.com
4631299083786027,carlostanner677@yahoo.com
4631327729592150,chloe.maldonado347@yahoo.com
4633196992573793,austin.jacobs529@mail.com
4634089700315970,aydenwyatt480@gmail.com
4634364486393982,miaanderson272@mail.com
4634567276164716,anthony.fletcher607@yahoo.com
4635827874531842,bender046@yahoo.com
4635933708592248,justinparrish361@yahoo.com
4636065093311410,zacharyvargas434@mail.com
4637606781513855,brianna.powell323@yahoo.com
4639102185980146,violetholcomb269@yahoo.com
4639413330652245,eva.anthony320@yahoo.com
4639674793242382,calderon140@yahoo.com
4640375896049610,figueroa640@yahoo.com
4640398678563640,owens685@gmail.com
4640825813052402,kimberlyrobbins128@yahoo.com
4640936597037731,damian.pittman860@gmail.com
4641397002062088,jordanmendez111@mail.com
4641578286944410,rice207@yahoo.com
4641584910219112,cox016@mail.com
4642193984090638,brooklynbriggs829@gmail.com
4644767604398907,carlos.horton685@yahoo.com
4645261208801101,damiankirkland150@yahoo.com
4645362166378270,avery.mckay866@yahoo.com
4645501162664932,harperhammond765@mail.com
4646840857108394,jonathan.estes165@mail.com
4647027642804128,paul766@mail.com
4647130895139547,melaniemcgee169@gmail.com
4647479914477374,stevenson394@gmail.com
4647672116889004,mayo432@gmail.com
4648143319327480,owen472@mail.com
4648182715644460,briannahunter462@yahoo.com
4649314929436495,sharpe309@mail.com
4650488899780151,schwartz459@mail.com
4650795795023100,lindsey026@gmail.com
4651794982411086,aaronconway417@gmail.com
4652216906678292,caleb.finch135@yahoo.com
4652244314493526,julianjackson357@mail.com
4652833497648151,robertalbert126@gmail.com
4653002141662708,reaganmurray526@yahoo.com
4654996398146126,york555@yahoo.com
4655095978217115,tyler.norris148@yahoo.com
4655139791387703,black158@gmail.com
4656829114996904,danielgoff806@gmail.com
4657277302562667,brayden.hartman833@yahoo.com
4658473582345654,caroline.bowers392@mail.com
4659132768020122,charlottesanders420@gmail.com
4659492169111254,bird714@gmail.com
4659688695267011,carrillo059@gmail.com
4659788362244291,guerra288@gmail.com
4660068807696091,mercer601@gmail.com
4660330446097440,julia.schneider760@yahoo.com
4660876795287867,marquez543@gmail.com
4661067444976220,genesis.preston217@yahoo.com
4661558941949751,reagan.juarez184@yahoo.com
4662335600916309,gabriella.serrano778@yahoo.com
4663183179425388,lydia.abbott277@mail.com
4663629679923231,tristan.hutchinson881@gmail.com
4664221361829519,lucy.riddle230@mail.com
4664299680054720,madelyncolon388@yahoo.com
4665094752948688,cannon298@yahoo.com
4665741321672997,bridges872@gmail.com
4666109552400455,johncherry128@gmail.com
4666723706961731,thomas.henderson572@yahoo.com
4667291797727105,ryanjensen339@mail.com
4668701510801358,evanduncan126@gmail.com
4668716275327670,salas570@yahoo.com
4668874253500188,noahchaney650@gmail.com
4669298799222314,donovan767@yahoo.com
4669325580216245,bella.sawyer274@mail.com
4669328526065254,daniels778@gmail.com
4669466175618294,joseph.cohen691@gmail.com
4670839113267399,boone313@yahoo.com
4670897307776450,ryan.sweet152@gmail.com
4670994314221404,connor.moreno569@yahoo.com
4671886788430728,ariana.mcclain153@gmail.com
4672224328856336,barr482@yahoo.com
4672546724229738,katherineholder788@mail.com
4673560290432740,webster050@yahoo.com
4674154109245599,crane479@yahoo.com
4674462799468888,benjaminclements842@gmail.com
4674644448446288,wallace564@mail.com
4674758497391201,moore620@gmail.com
4676174034566974,kaylabauer151@mail.com
4677529513650517,tristan.cameron291@gmail.com
4677790053035796,laurenrodriguez540@mail.com
4677977110381889,taylordurham888@gmail.com
4678494391549951,jacob.pierce724@gmail.com
4679693275521916,sawyer559@gmail.com
4679755269704772,franks306@gmail.com
4681540025886212,spears839@gmail.com
4682134406868954,oliver.olson340@yahoo.com
4682406283488555,madeline.fuller840@mail.com
4682578461402127,allison.torres217@yahoo.com
4684183056947624,douglas019@mail.com
4685233541099314,adrian.keller387@mail.com
4685545723641955,english593@gmail.com
4687410534390326,thornton736@gmail.com
4688962035283607,eastondrake196@mail.com
4689308826760545,cardenas262@yahoo.com
4689947832570990,ariana.stein418@mail.com
4690169965345044,andrea.farley303@gmail.com
4690764475015754,julianlyons331@yahoo.com
4692836857025417,macias384@gmail.com
4693154208634534,baxter503@gmail.com
4693249929037700,kaydenwalls079@mail.com
4693251099443007,walters673@gmail.com
4693685455683302,santana578@gmail.com
4694307532140896,alex.vinson424@yahoo.com
4694537608751453,moses671@mail.com
4695531014934323,cabrera459@mail.com
4697538525351598,lydiaforbes736@gmail.com
4697581284075289,violet.guthrie383@gmail.com
4698168199867361,justindunn041@yahoo.com
4698918144149400,pittman314@gmail.com
4700415075420476,curry170@mail.com
4700994812621646,evanashley451@gmail.com
4701801934047924,gabriel.rice342@gmail.com
4702394000836817,samuel.bullock489@gmail.com
4702850803997999,aubree.fleming677@yahoo.com
4704284259851088,alexisbruce801@mail.com
4704374156899106,oliviahogan586@yahoo.com
4705373094183309,adamballard240@yahoo.com
4706959568824862,leah.rich128@mail.com
4707414886371450,joshuamayer041@yahoo.com
4707760807751208,taylor.blanchard574@gmail.com
4708151778136034,haileyleblanc039@gmail.com
4708813778052665,nevaehperez414@mail.com
4708947223465427,kylie.fletcher435@mail.com
4709721338439315,ella.morris449@gmail.com
4710031461888941,damianduncan630@gmail.com
4710203010284498,christian.munoz758@yahoo.com
4710580183180722,riley.arnold697@gmail.com
4710842579863968,tyler.nichols404@yahoo.com
4710968684455497,caleb.hood016@yahoo.com
4712530035916110,carsonholland785@mail.com
4712947547245624,harper.tillman097@mail.com
4713425793647461,hailey.francis710@mail.com
4714087271650372,williamsalazar192@mail.com
4714819317169680,jayden.rodgers499@gmail.com
4714960349516264,annabelle.pratt887@mail.com
4715238853908618,zoey.allen610@mail.com
4716870627203535,graceabbott710@gmail.com
4718120543846233,sarah.ball190@gmail.com
4719593813059522,ross887@gmail.com
4719977189493318,williammcmahon341@yahoo.com
4720076834428410,charlotte.lynn390@yahoo.com
4720698984495855,ian.patton023@gmail.com
4720853029349894,sarah.lawrence591@gmail.com
4721488900255172,zoey.cleveland663@mail.com
4724049229873892,hudson.tanner400@mail.com
4724705860760900,jackson.jensen868@gmail.com
4724722321099737,lara021@yahoo.com
4725315419243082,elivargas079@mail.com
4725398708090356,stella.hicks728@gmail.com
4725435752210207,lydiakoch199@gmail.com
4725579865223860,nathanwright794@yahoo.com
4726850159091795,levicruz824@gmail.com
4727542652665311,jackmitchell648@yahoo.com
4728424211321943,annabelle.welch282@mail.com
4729053780467941,piper.luna780@yahoo.com
4730983929642144,reaganswanson870@yahoo.com
4731225228098225,samuel.greene287@mail.com
4732595942570991,michael.morrison844@mail.com
4733127168422225,tillman635@mail.com
4734606513095587,alexkaufman193@gmail.com
4734709281949140,liam.rich565@gmail.com
4735084058921451,allisonhodge774@yahoo.com
4735325451000009,camacho382@gmail.com
4738318060732507,aubrey.mathis130@yahoo.com
4738435260605117,pruitt733@yahoo.com
4740094979586831,santana572@mail.com
4740972175050233,johns348@gmail.com
4741567809226529,mayamacdonald573@yahoo.com
4742218192254210,khloekirk590@gmail.com
4743099174848081,harding764@gmail.com
4743800053158009,mccall864@gmail.com
4744895553377702,morganfischer181@yahoo.com
4745720477877620,grace.rice212@yahoo.com
4746264094854414,berger654@mail.com
4746561133993172,woodard354@yahoo.com
4746701694107560,sears115@yahoo.com
4747371817078103,rosa584@yahoo.com
4748237600795709,zachary.kemp762@mail.com
4748317029586390,phillips444@mail.com
4750091404292636,hailey.mitchell370@gmail.com
4750613093244634,justin.merrill375@mail.com
4751503155795194,dylan.fry819@yahoo.com
4754523235038107,morrow384@yahoo.com
4755299172179944,key020@yahoo.com
4755316864926737,ariapace236@mail.com
4756418291149179,chasewilcox677@mail.com
4756651153469356,thomas337@gmail.com
4756906285282881,blakehawkins171@yahoo.com
4757346727565446,blakeward417@yahoo.com
4757623703056149,victoria.farmer093@mail.com
4759247110814078,jason.ford577@yahoo.com
4759359886380760,molly.barnett384@yahoo.com
4759404186671730,grant766@yahoo.com
4762048420954405,morganrichard677@gmail.com
4762417063650226,mason431@yahoo.com
4763001196893009,ella.hester310@mail.com
4763124109139433,michael.french294@yahoo.com
4763262351024505,charlesbradshaw010@gmail.com
4765992607903684,briannariggs189@yahoo.com
4766570864381098,jonathanlarson856@gmail.com
4766764470972792,eastonlynch743@mail.com
4768301480957733,hogan671@yahoo.com
4770380604067088,tristan.huber399@yahoo.com
4771027567657616,ariana.sanders598@yahoo.com
4773433666169826,hickman379@gmail.com
4773553972630797,faiththornton053@mail.com
4774591714094368,alexismcmillan813@gmail.com
4774751078946591,caroline.knowles188@gmail.com
4775281596813940,jocelyn.thomas101@yahoo.com
4776642856733558,josepotts625@yahoo.com
4777090206533956,mcintyre736@gmail.com
4778155518699479,sydneyfowler572@yahoo.com
4780413043782393,mcintosh137@yahoo.com
4780804271728902,key207@mail.com
4781260903940259,reilly780@yahoo.com
4782169925138090,owen.mcdowell411@yahoo.com
4782901114542249,jonathanbarber278@yahoo.com
4783000904136202,noah.wilcox520@gmail.com
4784494024536756,andrewodonnell474@gmail.com
4785895083194080,sophiaperez096@mail.com
4786041469830653,baker141@mail.com
4786077038829354,jordan.ryan855@yahoo.com
4786160532536525,isaiahsweet172@gmail.com
4787090609721842,rowe488@mail.com
4788890805158403,fuller326@mail.com
4789397297328592,clay733@gmail.com
4791321608095381,genesisburton768@yahoo.com
4793982166001315,fleming871@gmail.com
4794166831081550,glenn231@gmail.com
4795007989406497,jocelynberry772@mail.com
4795041423668743,benjamin.clayton233@mail.com
4795141678368526,schmidt825@gmail.com
4795213984819292,ariana.sampson189@gmail.com
4795730987001545,ariakoch328@mail.com
4796191002016902,genesis.grimes140@yahoo.com
4798269858659914,austin.benjamin628@gmail.com
4800620860980068,oliviazimmerman128@gmail.com
4802705696364195,cole709@gmail.com
4803909835842868,isabella.miles483@gmail.com
4804009243946267,ashleymckinney377@gmail.com
4804333381515845,charlotte.sanchez076@gmail.com
4804454021738744,jocelyn.weeks150@gmail.com
4804797979826493,strong435@mail.com
4805819127738963,sophia.logan808@gmail.com
4806983234525066,sofiabaxter692@mail.com
4807263169963403,victoriaherman247@gmail.com
4807935180011185,audrey.hurst623@gmail.com
4808723313331137,pace717@mail.com
4810643906653042,faithorr441@mail.com
4810937095534280,audrey.doyle293@yahoo.com
4812705113191039,jacob.montoya182@yahoo.com
4812761857617085,amelia.olsen330@yahoo.com
4813226767541857,alexandrahoover070@mail.com
4813683441894526,brysoncarroll470@yahoo.com
4813705359148155,isaac.chase651@yahoo.com
4814013122983860,wooten623@gmail.com
4814097682865757,sophiastuart478@yahoo.com
4815196895441940,wells474@mail.com
4815802858855865,isaiahholloway851@yahoo.com
4816863870288278,obrien764@gmail.com
4817210328467386,gabriella.lara658@mail.com
4817311018972345,chasedean675@yahoo.com
4817385753236595,cameroncash577@yahoo.com
4817992222289970,acosta252@mail.com
4818330953960262,bella.patrick103@gmail.com
4818467981669158,nathan.bennett025@yahoo.com
4818863800654134,autumnvelez077@gmail.com
4820709484999301,brandonmeyers632@yahoo.com
4821675005013758,graysonpage499@yahoo.com
4821981709228373,steele165@gmail.com
4822540002568478,gonzales060@mail.com
4823997063511350,isabellahatfield676@gmail.com
4824444111037939,carsonriggs868@gmail.com
4825075254350447,jose.suarez715@yahoo.com
4828484758757700,richards323@mail.com
4829921082679562,trinity.bauer138@mail.com
4830121531561365,charlotte.paul699@mail.com
4831016740705002,bradford643@gmail.com
4832151814401052,jonathanherrera095@mail.com
4832618975422432,prince595@yahoo.com
4833812045945642,piperbarron117@gmail.com
4834144980582563,jocelyn.wright226@gmail.com
4834584160471071,oliviachapman764@mail.com
4834678530113783,wall835@gmail.com
4835542566169326,jacksonkeller596@gmail.com
4837584334729641,montoya157@yahoo.com
4838533408042018,audreysolis578@gmail.com
4839534292347140,michael.nixon798@gmail.com
4840215441494127,alexajustice631@mail.com
4840423411859671,layla.mosley796@mail.com
4840527961101167,bentley.bennett229@gmail.com
4841244038124854,trinitytorres452@mail.com
4841304411737746,christopherhorne054@yahoo.com
4841952131175892,evelyn.gilliam272@mail.com
4841975801821495,santos363@gmail.com
4843427372106755,elijah.buchanan035@mail.com
4843520985427798,madisonbuck534@gmail.com
4844336347844946,lyons775@gmail.com
4844826879341352,clay733@gmail.com
4846392335445673,kayla.stewart680@yahoo.com
4848781687600166,josemurray100@yahoo.com
4849609718434496,alyssamichael660@gmail.com
4850333440251757,zacharysears510@yahoo.com
4850957365656036,sophie.sanders209@mail.com
4852419990430830,brody.meadows217@gmail.com
4852514117132127,samantha.sellers269@gmail.com
4852977523784460,griffith824@gmail.com
4853006936568655,cooperdonaldson362@gmail.com
4853318857123737,hinton185@yahoo.com
4855156913487144,downs170@yahoo.com
4856705123792682,lydiaholloway536@mail.com
4858455293120763,chloe.avery258@mail.com
4858571062583617,allen847@mail.com
4859475779140282,zacharyhaynes103@mail.com
4860133728355140,camilaperry293@yahoo.com
4860445217834223,barton152@gmail.com
4860761967076447,isaiah.hart619@mail.com
4861442010447831,ellie.burke250@gmail.com
4862932417925925,jaceharrington580@mail.com
4864302589636569,aubreemcfadden608@gmail.com
4864382187129050,hannah.erickson357@mail.com
4864503097661961,emma.randall300@mail.com
4866990260716896,maya.griffith617@mail.com
4868018927580139,andrew.downs640@yahoo.com
4868353727711943,isaiahgilbert212@mail.com
4873474478391819,owen.petersen730@yahoo.com
4873714668269501,gillespie027@gmail.com
4874768758050485,oneal057@mail.com
4874773160331556,meadows809@yahoo.com
4875379320667993,nathan.sellers253@mail.com
4875544994697721,jasminebeck242@mail.com
4876436279783079,danielhull649@yahoo.com
4876676295117303,nathan.browning630@gmail.com
4879523530336396,gianna.schwartz177@gmail.com
4880743077552521,damiantyler448@mail.com
4883459337126348,brysonlane184@yahoo.com
4883596606917699,meyers353@mail.com
4884679230425286,luis.justice044@yahoo.com
4885016379550096,julianedwards746@mail.com
4885313485737489,ella.frederick324@yahoo.com
4885349780597426,keith269@gmail.com
4886272628356731,ryan528@mail.com
4888629025157574,aaliyaharnold133@mail.com
4888903591429950,autumnanthony149@gmail.com
4890424669095264,brayden.saunders273@gmail.com
4890766563503557,branch409@yahoo.com
4891267415769800,carter447@mail.com
4891492222990429,genesis.kirby298@gmail.com
4891783823420893,hanson633@mail.com
4892073668949829,sebastiancrane676@gmail.com
4892823169242573,melton693@yahoo.com
4893333134995411,madelinemorin386@yahoo.com
4893552158064826,jennings340@yahoo.com
4894254287880342,mackenziemoses245@gmail.com
4894274518568482,curry850@mail.com
4895164227699273,hailey.galloway773@yahoo.com
4895302680036522,hull389@mail.com
4896614078820815,mason.atkins878@yahoo.com
4897208504379675,davidsmall530@yahoo.com
4898462841036865,ramos087@yahoo.com
4898477505948445,pena108@mail.com
4898844450729148,scarlettbird312@yahoo.com
4899781798973864,zachary.sexton784@yahoo.com
4899796132495226,jordanberry817@yahoo.com
4900088389304930,maldonado600@yahoo.com
4900409583780123,autumnryan613@yahoo.com
4900751441896967,johnsharp115@mail.com
4901193238513365,samuel.dejesus337@mail.com
4902802862901667,downs497@yahoo.com
4902967766481759,nash895@gmail.com
4908098040589029,levi.chapman761@mail.com
4909563260631255,lillian.moran529@gmail.com
4910748220696855,claire.booth839@mail.com
4911110012733538,juanparsons681@mail.com
4911930493082679,alexa.hunter761@gmail.com
4912315420775703,aaron.durham895@gmail.com
4913519870111793,adriandillard781@yahoo.com
4913929793693761,victoria.wall802@yahoo.com
4915560796924941,tristan.rios307@yahoo.com
4917132764419581,dylanmorris322@yahoo.com
4917506963390406,stuart458@gmail.com
4918229147440117,mack385@yahoo.com
4919150924886877,luke.blankenship245@gmail.com
4922335195539025,finley363@gmail.com
4924583581118510,piperhayden249@yahoo.com
4924631765227753,josenielsen674@yahoo.com
4925746116896178,arianna.ellis197@gmail.com
4926772912686471,ellie.fletcher181@gmail.com
4927385383452353,peytoncooley250@mail.com
4928163004792021,laurenmccoy424@gmail.com
4928607169465781,anthony.sweeney783@gmail.com
4929200385794215,mianewman066@mail.com
4930953182076379,watkins606@yahoo.com
4930988563489411,weeks171@gmail.com
4931179705482758,victoriagolden526@gmail.com
4931675517924333,walton818@gmail.com
4933689009921093,anna.dickson101@gmail.com
4934836903970002,diaz304@yahoo.com
4935652078341625,oliviaoneil651@mail.com
4936238788466057,makayla.horn347@gmail.com
4937773950816076,connor.jensen816@yahoo.com
4938679517224432,miapickett593@mail.com
4938855089267765,kaylawarner214@yahoo.com
4939687237087731,roman221@mail.com
4940032266883543,audrey.sargent510@mail.com
4940225499057386,trinity.reyes472@gmail.com
4941540145929229,jackson.dyer139@gmail.com
4942151850274410,angelhoover677@yahoo.com
4942522310924416,huber837@gmail.com
4944638338563800,tillman635@mail.com
4945351850994507,samanthamoreno675@mail.com
4946182689995038,allisonadams288@mail.com
4948046082181801,allisonmercer500@gmail.com
4948958385513573,aubrey.elliott504@mail.com
4949359805514938,hutchinson222@gmail.com
4952214539606423,sofiasingleton119@gmail.com
4952443870120013,summers782@gmail.com
4953239347498845,ryanwaters899@mail.com
4953475335389246,reagan.glover229@gmail.com
4954461869622334,george568@yahoo.com
4956501928779282,clay733@gmail.com
4956681227546788,aria.finch889@mail.com
4956780979508689,christian.carey712@gmail.com
4957724474886736,ariannagregory287@yahoo.com
4958087620834284,molina160@yahoo.com
4958460551235005,salinas538@gmail.com
4960291649780272,jarvis408@mail.com
4960432413904983,sanders809@mail.com
4963063238958594,braydenfernandez278@mail.com
4963678587481318,cooper.vaughan400@gmail.com
4963741063656991,audreywhitaker645@gmail.com
4963892847085732,nevaeh.hale398@mail.com
4964068390965518,tristanweber165@mail.com
4964169964009772,le214@mail.com
4964965109956037,juan.bowen702@mail.com
4965425306395694,charlesmcintyre534@gmail.com
4965640546180645,gay067@yahoo.com
4965962723985145,caroline.cross688@yahoo.com
4966793734893054,sullivan517@mail.com
4967457301083577,underwood142@gmail.com
4968096013977442,macias506@yahoo.com
4968301126751605,nielsen613@yahoo.com
4968779866330369,samantha.chambers037@gmail.com
4968994415584586,avalopez477@gmail.com
4969289892048851,sebastian.oliver451@gmail.com
4969829236770973,mccoy194@mail.com
4970138502315001,stella.rhodes866@gmail.com
4971488368856310,khloerodriquez418@yahoo.com
4971743948846508,owen472@mail.com
4973174893291375,charlesgardner307@yahoo.com
4973600881474060,anna.mullen832@yahoo.com
4973847834689175,johnortega045@yahoo.com
4973849265234299,sharp765@mail.com
4974040272130683,naomi.cohen129@yahoo.com
4974142814303784,zacharyconway881@yahoo.com
4975032749316960,ellieconway037@mail.com
4975217894689002,russo831@gmail.com
4976576576923297,benjamin786@yahoo.com
4976815190214737,luis.francis384@gmail.com
4978304530989355,mayo871@mail.com
4979542509348298,mcguire884@mail.com
4979987376582257,adrian.peterson262@yahoo.com
4980191427334449,villarreal563@mail.com
4980536646122225,lucypatton386@yahoo.com
4980801696468732,dorsey591@mail.com
4980836170350618,oliviagilmore585@yahoo.com
4981762616875738,velazquez371@yahoo.com
4982603562499025,jocelyn.prince575@gmail.com
4984855709140510,stuart058@gmail.com
4985209122284316,berg627@yahoo.com
4986365957237933,parker.mayer003@mail.com
4986423556020794,holcomb198@mail.com
4986817340333852,mianolan673@mail.com
4987342236770108,carter.estrada849@mail.com
4988531515298653,sebastian.short848@yahoo.com
4989541888375516,xaviermeyer260@yahoo.com
4989565452003352,mathis208@mail.com
4989881361938947,charlesdeleon638@gmail.com
4991948395218459,alexandratownsend844@mail.com
4992193083135595,norton548@yahoo.com
4992695962526009,hale049@gmail.com
4995578414207914,juan.alvarez198@yahoo.com
4995925241837373,juarez837@yahoo.com
4996173210856988,londoncervantes130@gmail.com
4996612130037765,lillianweeks274@yahoo.com
4997954982363546,best768@yahoo.com
4999903499627313,liamalvarez108@gmail.com
