client_id,phonenumber_id
4000262298158823,493-834-041
4001563442001770,648-425-780
4003287025139389,399-933-130
4003363238546650,101-898-166
4003692008962832,009-779-468
4003703336418973,932-411-6655
4004241989218365,263-306-587
4005028242341301,273-970-8341
4005397429250647,703-741-299
4005492253443184,452-031-7826
4005561769710805,547-836-2781
4007167286126711,657-653-712
4007363623990162,282-795-9492
4008574016284869,726-401-8308
4009156007911954,062-856-9672
4011231523255545,622-682-067
4011648807958660,010-783-2273
4011962945073583,701-768-339
4012418950096307,539-925-413
4013994062586046,036-799-5660
4014755265961693,541-763-063
4015189522661988,368-810-479
4015731765729160,056-319-885
4016287515774583,088-741-037
4017356619476855,165-253-863
4017495343903014,010-612-5080
4018926326483797,714-603-6574
4019385199208709,840-470-2953
4021172075421341,899-625-5035
4022877595861656,263-246-913
4023437145708136,327-226-0233
4023440147656022,579-860-4590
4024642604955008,913-749-687
4026084862895261,728-863-0713
4026116443036005,340-867-8092
4026552686206832,433-883-077
4027372423955016,197-639-567
4027834300676627,996-761-270
4029085229091541,350-889-257
4029390942537857,070-328-484
4030836903254590,289-572-0609
4030853689326294,956-136-920
4032114088599843,433-606-846
4033286641800543,117-049-0987
4033881208388567,198-114-300
4033964244330569,534-222-9155
4034457972849180,353-075-8404
4034855641586960,240-913-829
4034919007817839,506-976-312
4037504349324970,300-172-9917
4037801715962288,069-061-8670
4038889753210271,269-435-083
4039292757782396,520-155-9047
4039434765524630,026-683-2994
4040191708288361,206-305-118
4043482523889799,690-462-370
4044383100646843,919-111-181
4045270089000366,827-566-4427
4045807208125614,597-816-948
4046858823145536,679-078-394
4048193664527586,924-423-8733
4048556107600329,274-036-568
4050006777353234,035-048-6865
4050415592246558,726-783-9204
4051644236156936,362-245-6186
4052970267949033,659-795-1431
4053603395841017,478-597-833
4054294970398398,936-943-571
4054436874811733,642-694-6698
4054475809877724,099-076-2651
4055133485582691,331-914-139
4057245040159894,307-686-576
4057961486677716,108-500-446
4060828068565186,649-911-4116
4061022738658154,393-738-731
4061895922943684,955-041-065
4062324527747423,087-638-9036
4062787222030370,176-277-8435
4064741935834428,932-162-859
4064935753230491,055-969-1832
4066891467246158,853-577-7963
4066897989580289,768-114-6382
4067647971006150,140-407-370
4068329442538835,065-015-863
4069405021853529,980-775-0551
4069451375000325,344-435-8054
4069592725541565,527-571-3928
4071010062982629,415-675-001
4071190246160639,034-280-5324
4071423991635111,533-987-4074
4071630532074994,512-810-244
4072963984593669,752-385-2291
4073817752490327,982-762-5256
4073938563102511,111-264-7607
4074369015354022,565-425-966
4075821933451156,212-680-4176
4076580093207522,006-818-8559
4077300546229679,537-651-4168
4079555316760405,576-931-8778
4081324151929823,320-364-6903
4082064342478913,852-824-384
4082843442476657,053-754-4102
4083387438607445,862-900-6931
4083936859803303,489-397-4580
4084714116889889,056-757-4202
4085411201399036,487-740-579
4085620157886859,639-515-3371
4086140346201505,094-365-704
4086976527778344,165-411-489
4087979668266839,230-855-091
4088593612745043,497-264-6627
4089090585581066,297-042-426
4089473530147144,504-220-3217
4089789937340895,184-462-5959
4089823996000957,179-364-772
4090529555126219,341-962-8231
4090604353114988,834-836-4056
4090633881502521,405-648-9836
4091739721831654,456-758-2115
4092439597679332,776-362-6736
4093313223943173,983-994-885
4093599291851286,935-698-265
4093774859294217,746-297-5814
4095105852158885,544-314-4952
4096569168222157,314-123-3697
4097879039711125,236-169-1326
4099137835860291,482-286-755
4102064928577464,975-563-936
4102086739611364,453-370-5382
4102599259419208,116-263-8010
4104028409120795,275-184-4772
4104083461103882,078-979-822
4105642285324914,224-523-031
4106825202684184,307-320-586
4106930113280146,528-297-042
4108267132821842,619-558-832
4108455648865995,910-500-6629
4108539330122920,528-297-042
4108710245886541,174-072-201
4109344572520439,856-731-736
4111601260795433,457-486-5175
4112155611428482,921-534-724
4112232831289174,425-534-1638
4112359375475446,362-713-4946
4112936347357404,233-500-4030
4113290478448015,725-037-4732
4113346351685410,605-276-907
4113412880613503,157-262-122
4114375793947004,539-497-7148
4114705319793104,927-712-7709
4115209228991148,207-576-9564
4115659483397045,833-238-621
4116106510440447,210-071-409
4117982084174946,838-059-1671
4119028638945023,437-794-8154
4119291837292536,568-312-629
4119673979560418,640-784-3241
4119700034584982,262-249-558
4121326105105956,656-181-142
4121431444407848,134-761-372
4121559561928749,851-942-302
4122719516801958,684-214-258
4123634035084946,500-568-990
4124052784818704,460-555-8113
4125416032094732,133-139-0895
4125954779213933,098-565-0317
4126691129525603,360-063-250
4127427548008031,984-774-531
4132956160773830,966-803-3789
4133756949687114,638-847-639
4134027514035769,401-021-098
4135150268013060,564-779-3507
4136272771689464,842-105-6140
4136587235881187,871-918-4031
4139040489846297,902-603-2380
4139077592675825,746-432-763
4140906397903346,333-897-8569
4142167659160681,069-917-296
4143174624913375,328-347-636
4143201113853471,120-972-201
4143326022675945,435-009-113
4143665054748892,609-044-9910
4144526527104478,695-016-1934
4145633201080203,757-366-783
4145972151592522,452-829-8845
4146835337359802,413-520-0724
4147671621370448,133-020-7878
4148064211723367,383-310-5535
4148313940113741,066-583-5088
4148365436477717,676-593-0383
4150360627927906,057-872-7096
4151398201183099,336-759-0302
4152091647207122,920-315-652
4153032831756739,090-034-1114
4154142000360004,528-502-0837
4154354937377304,735-998-8354
4154930623544537,134-810-666
4155330306734621,220-410-7642
4155381678231241,294-947-8006
4157130410511172,034-397-512
4157843334023823,402-101-688
4158697859690245,483-108-6280
4159589531552399,040-329-961
4159596906771793,118-216-1938
4159656534470299,146-255-944
4160613779505609,866-351-8517
4162026659035308,508-561-3021
4162551672612197,868-352-5989
4162616937174869,397-058-515
4163235880264921,906-124-0423
4163294925599395,707-303-224
4164264381548003,498-765-8215
4165037134036065,690-386-1404
4165066324419757,962-788-0798
4165178068658571,550-172-7963
4166431233800076,229-156-448
4168362046219311,465-664-3288
4168785726131861,951-195-313
4170000792420537,632-092-762
4170276846953026,075-548-487
4171061522942611,243-430-1266
4173225646842142,117-328-125
4173599381651847,258-045-0355
4175579019485584,929-695-702
4176167243885511,729-358-150
4177175269257464,427-222-420
4177229992690911,222-224-5049
4177239856164770,581-279-526
4177432005061415,516-203-0164
4177761667565713,668-812-2264
4177912557394033,665-300-6082
4177986816722630,897-143-481
4179369914228248,232-705-2867
4179519105007617,203-240-6474
4182098749576399,304-679-894
4182170232554835,872-519-877
4183031463895793,400-675-3699
4183113120685542,238-541-6329
4183338565847683,384-913-8817
4183513376059534,665-576-352
4183934808024468,430-326-323
4184376544073673,251-563-5389
4184446510747343,018-080-145
4184511639847108,899-266-728
4184674367293257,608-098-875
4185373451908511,683-216-9937
4185643022952598,251-411-979
4187232823719741,885-108-8796
4187402035070312,594-923-313
4187593819180556,401-558-962
4189084919340470,987-421-482
4190352822415748,147-366-415
4190361764358014,171-165-973
4190957192290123,107-815-4082
4191011749594956,869-216-1170
4192545698216995,519-192-769
4192633120470420,615-015-430
4194773486993140,092-072-3307
4195155212669542,804-539-4074
4197132894623475,837-532-5078
4197629111094133,254-272-999
4198435702368020,547-590-6986
4198678616534605,225-682-1580
4199434405038765,084-006-486
4199691491495296,748-553-749
4204025636837885,921-641-7174
4204424879415824,359-007-7935
4205234009766569,962-625-873
4205354721885800,262-649-186
4207004847922643,975-563-936
4207479482217709,848-930-3141
4209134795306727,566-054-7601
4209484694165579,833-238-621
4211897093277784,024-964-8906
4212124654788516,471-897-2499
4212264380783686,478-597-833
4213086870020132,193-999-1641
4213604957485018,190-357-2721
4214090336905679,841-547-117
4217043325536838,471-897-2499
4217441680542922,198-867-4639
4217539495535682,308-837-9683
4217903695633236,552-998-5413
4218672039256249,484-374-375
4219810616185956,242-803-672
4220751475718676,383-002-559
4223709762335098,009-039-714
4224355645829946,206-473-771
4225202907351939,182-392-733
4225384545849506,434-307-0103
4225715906196864,804-208-317
4226175679056069,217-395-896
4226181576519233,636-946-585
4226807399808672,269-118-320
4227033032561649,508-561-3021
4227838052408491,327-674-338
4228819726010334,495-791-5379
4229918599611563,174-479-5377
4230120200306785,690-962-550
4230180658940568,299-189-326
4230481989173287,929-806-2529
4230844775781425,959-263-0941
4231495542541615,842-410-2671
4232068116091637,878-968-8965
4232351883781584,100-662-917
4232724172320142,144-106-278
4233581979009693,333-694-9435
4233771527858408,502-066-103
4233836617906514,069-061-8670
4234817405845915,104-351-570
4234822040176536,010-043-9275
4234989201380858,044-502-197
4235144196870724,584-712-7551
4235720212202008,725-809-9220
4236852246619920,233-789-6275
4236979008230404,169-687-612
4238126549448065,546-907-3701
4238141791902511,279-096-527
4238865748577162,068-401-743
4240266747309945,597-995-6631
4240526251756975,152-167-394
4241012461055556,234-296-5373
4241325531430090,454-721-7763
4241552215943508,837-762-8254
4243609700137810,061-370-9238
4243736905160279,749-527-657
4244276967777792,345-633-400
4244364024932160,807-128-445
4244547648522926,203-345-224
4244641820688173,199-169-322
4245418027410514,963-700-054
4246332278042760,111-390-569
4247680303993426,638-565-6417
4249059554581511,449-495-1056
4249259022470962,388-892-194
4249776500720303,376-934-969
4251668852643586,492-605-8065
4252667307852015,405-285-268
4252827768167010,730-615-2591
4253306676030635,351-077-243
4253699305084902,019-670-8395
4254464364160328,480-180-6566
4255154651936014,575-000-375
4255635740060949,748-595-628
4255910952615288,348-763-233
4256058147191408,998-172-400
4256597387335233,557-036-220
4256666479486343,876-073-4162
4257299891912156,768-717-653
4257680611903346,442-519-625
4257860362540808,097-854-088
4257883667668843,526-423-191
4258124098758724,382-870-7721
4259708747802716,527-025-438
4260042513364421,974-004-8773
4260251687526257,794-958-1625
4260868679964558,956-048-122
4261280751216585,994-187-9848
4261541080564148,775-426-7562
4263188782777608,908-657-568
4263437151893144,207-341-6533
4263461073849547,212-832-8675
4263654010257903,707-583-5225
4263786783320052,545-379-685
4264257864138556,180-543-520
4264273462760196,795-757-160
4264766619629891,005-189-227
4265876508756694,396-289-0738
4266584141147805,165-853-550
4268540240633770,141-410-447
4269090833076986,313-571-2063
4269798583121311,899-104-6528
4271457860149836,259-756-1035
4271776129532049,016-216-121
4271806958596649,782-088-7517
4272263332789848,774-645-656
4274910422588252,841-743-3182
4276261680154157,233-672-172
4276780407434360,543-749-553
4277614195288184,899-966-1857
4277676860904510,683-648-909
4278743980438818,575-692-9349
4278759780583975,502-452-9426
4279690027500416,503-546-966
4279704832241403,923-580-374
4280242183162420,185-249-520
4281436553284462,659-403-024
4281636084359861,218-010-0067
4282302008588528,016-135-8056
4282560001538788,873-760-1742
4283515391560064,627-549-5591
4284093895336463,805-483-852
4287532612449528,799-625-690
4288920333681454,225-682-1580
4289558068356691,629-121-182
4290352112471160,654-734-7422
4290541749145698,594-746-997
4290816588770966,912-210-627
4290950769528818,157-363-976
4291102286594639,604-706-811
4292860068242706,291-686-7332
4294516568217782,426-858-459
4296533944186795,662-301-895
4296656041101993,619-598-3936
4297130158974641,381-996-7893
4301167084630263,959-562-5151
4302654745313479,381-746-7114
4302733953981720,044-571-020
4303860698359695,178-048-7191
4304004315787876,973-117-914
4304063113458601,541-605-3597
4305356709587604,364-426-7227
4305556936773089,944-358-5444
4306404126194304,206-492-727
4306962156510079,083-870-1944
4307025718766461,644-731-3056
4308232502956956,804-547-648
4308295250712814,431-861-6912
4308368744812944,765-852-3609
4308951840463645,204-859-8584
4309007999217651,034-405-277
4310316851662277,976-963-6975
4310442067316977,699-467-596
4310610183929242,572-340-096
4311036844080028,045-632-562
4311319291459915,704-465-5320
4311498120139102,959-614-021
4311641485345133,813-383-3415
4313740219963795,088-474-921
4314015771039881,801-453-742
4314474621756543,705-367-1169
4314944400873131,330-347-621
4315293233972887,663-484-3129
4315710422848545,720-936-564
4316418040533411,924-050-6459
4316862246270437,156-588-4385
4318253548818677,482-575-8482
4319436428882363,775-597-841
4319836568387463,005-386-3071
4320984678131400,153-978-9505
4321771579647447,444-852-7386
4322325239174737,867-769-224
4322398585784169,390-156-081
4322528275166174,783-548-8564
4323658315425410,163-017-813
4324161873922554,042-838-638
4324421756933890,789-309-988
4325474476187346,572-884-573
4325814129684480,522-681-571
4328055373704445,508-139-4537
4328379264808622,941-687-6557
4328793391053763,138-394-280
4329499868776071,070-780-363
4329881049367393,810-200-8642
4330153686967241,890-574-136
4330535653281459,570-291-034
4330928595903233,976-943-6384
4331677531758164,909-013-022
4331743204745472,239-599-6107
4332041697673718,428-124-3253
4332676351443252,141-568-0500
4333274704613638,967-206-489
4333476280842404,775-525-8315
4334109988577449,191-838-353
4334389480674809,225-682-1580
4335028710758417,215-374-5227
4335179262939069,751-400-903
4335829147665657,557-769-2277
4336295600734670,749-524-4159
4336514214313568,594-144-076
4337406536864155,590-765-3231
4338526025471581,414-457-431
4339211233964813,830-516-3543
4340089902996424,624-475-1028
4340252304950387,628-930-4664
4340890284674277,766-481-1999
4342191205986272,850-430-9389
4342547155714578,384-170-4639
4343085031986036,276-005-050
4347564237303986,364-586-402
4348258110832968,367-593-6136
4349398553128059,979-845-651
4349883400448859,625-214-347
4353644085204410,600-146-6759
4353753075249739,111-399-3961
4354149196946999,575-854-349
4354642218884453,481-345-3108
4355422496300129,649-483-550
4356023390365876,659-630-730
4356476157042965,095-276-908
4356748945179691,548-910-742
4356946318906399,426-239-747
4360264835458934,009-596-8094
4360345049319580,533-954-4628
4360969907245619,775-525-8315
4361311290965124,269-219-994
4361320687369865,899-625-5035
4361430867617569,465-661-809
4361868504370144,441-351-1241
4363966958216991,037-156-2173
4365175470612483,575-393-8991
4365191117242816,605-575-763
4365881129710319,537-990-085
4366233210997984,634-430-8636
4367457967571051,765-860-9861
4368039047483033,447-986-1084
4368346253075134,525-019-4654
4368941839275933,173-421-7520
4369963425091036,976-656-063
4371313421467630,712-740-958
4371685259126911,718-517-6352
4373538864407028,169-239-911
4373905311743083,981-514-029
4375098688928335,406-312-7813
4375167536680925,982-453-1765
4375295706700411,029-193-0044
4375906530482618,728-796-513
4375961711913592,073-397-6422
4376783130065823,247-080-5093
4378906267012692,042-608-0479
4380871206128023,331-607-8212
4382473367550943,532-093-332
4382633357707924,923-509-1214
4383834172932320,121-159-3599
4384445228683236,727-931-3744
4384501712356844,393-095-1610
4384797773946925,248-666-1897
4385314930526902,778-800-294
4386788352005363,740-131-3849
4386960884261554,243-709-5297
4389315980032473,262-782-1411
4389694573577718,750-683-382
4391000897396387,520-357-7557
4391932735644232,226-466-728
4392078511994000,234-045-011
4392351501808427,508-561-3021
4392475965396122,518-787-9246
4392972139393704,282-964-443
4393334415571637,639-923-5632
4394906521324032,703-791-976
4395007490789161,466-693-8736
4395305043533783,625-004-813
4396554476112859,242-831-717
4396983452321285,169-239-911
4397117480848402,396-255-9946
4397146202516732,150-944-909
4397818619742214,330-278-9963
4398695865837644,399-763-514
4398948414920662,532-946-6453
4399003671380496,009-311-9642
4399682851373536,059-759-042
4400726321964981,482-689-418
4400790160142471,401-940-8562
4401952361554313,246-423-021
4404635650481622,108-859-6484
4404997021718771,576-786-873
4405088214708909,781-829-3764
4406223153245790,050-515-767
4406239173578614,563-089-168
4406590606962944,847-204-971
4407202536768347,870-896-779
4408291444824572,519-194-7944
4408531989626290,093-749-248
4408912613765086,513-615-1105
4408986859039570,709-945-929
4413271907779045,668-319-8089
4413507281289170,133-074-6962
4415340892892788,140-896-323
4417644387506946,043-362-7025
4417758042062622,713-111-118
4419182635608717,850-043-599
4419230959678921,903-451-0536
4419977063957662,046-697-600
4420726751119250,204-042-6941
4422210370555044,328-482-4556
4423201807841452,282-964-443
4423342420034313,027-354-4216
4424760228504972,401-629-215
4425740586785255,879-774-800
4425836173331204,368-791-221
4426893383343148,382-082-562
4427640983414590,419-011-801
4428125340851527,342-089-7314
4428588313894966,297-835-4109
4428841274088940,018-700-485
4429173344998018,963-811-7816
4429596337569497,631-645-6019
4430904523269939,323-058-001
4430994947390460,593-210-3952
4431072405781980,116-594-8958
4431101543378654,696-299-686
4431495227286716,456-508-9278
4434082460852821,585-344-3185
4434260830821888,488-168-0472
4434707424166492,628-758-110
4435544918533575,937-703-462
4437881329816092,625-207-5218
4438574031047432,449-780-209
4439746118445924,049-832-9126
4440132351948444,390-007-5879
4440700350368788,260-958-0264
4441356311228626,193-305-9883
4441637794891901,525-588-666
4441717347417477,265-659-3211
4441933182374554,214-472-8917
4442008565981967,573-600-0015
4442323116925938,526-179-175
4442629978196420,406-513-360
4443143557657264,509-393-7108
4443289569986231,864-885-188
4443315290300325,151-281-2816
4443322897151424,486-122-162
4446010900528798,326-685-7869
4446752661282574,976-912-4497
4446875237836019,297-486-0387
4447241706149625,974-830-014
4447511477755168,299-189-326
4448441187888100,272-027-767
4449906151022281,790-647-3351
4451188439882894,144-480-006
4451806979306780,731-442-8348
4452283565655724,396-504-568
4454474872987417,978-341-1719
4457041930108935,338-742-270
4458335281161579,161-748-1334
4458470491921544,872-104-6794
4459851844023303,017-871-473
4460270695778575,415-821-9704
4462424114784114,495-283-334
4464350226750677,482-457-114
4464992992556968,647-487-7539
4465357841792546,664-974-3122
4466180586746033,497-658-782
4466643706571557,094-238-6009
4466940491920092,667-842-2097
4467121153418522,107-864-0358
4467191858376820,572-229-0470
4467289120084071,409-621-7880
4468178308930925,934-704-8106
4468401301727464,621-612-8678
4468895771815164,273-837-194
4469670812514301,102-852-585
4470999474688260,107-597-272
4471508192998213,194-563-481
4472384681023320,088-036-480
4473271909407121,414-747-5219
4473623993000602,883-685-6612
4473701362866561,013-301-894
4474085481231520,541-678-384
4474661567526437,975-563-936
4474935450421389,100-662-917
4475032511191273,583-423-498
4475100955418054,941-189-908
4476370762871733,165-630-3215
4476764662940483,178-983-9581
4478019778319462,257-020-4562
4479899706242558,070-040-518
4480450198545772,548-632-6554
4480602326961178,259-523-5683
4482454816337198,635-090-299
4483116075882300,486-953-882
4483246853393178,400-683-898
4483462509893996,213-581-2346
4484837673287480,537-741-422
4485136419900814,429-925-533
4485357233675057,084-976-3196
4485497733735272,240-709-8331
4487130848659776,694-295-851
4488381058533529,661-110-035
4488504402421360,531-878-0652
4489334801680930,233-794-016
4489492504194292,320-636-7284
4489793797409135,733-275-993
4490787977959387,469-802-0297
4491386483253002,095-466-504
4492546995203931,567-549-5821
4493709196922175,278-718-6646
4494201194811161,863-529-7264
4494518278783127,400-419-701
4494798458918996,393-907-419
4495105700041776,645-832-181
4495938212480235,792-230-3519
4495947612747697,007-976-8664
4496582625824305,794-458-8461
4497468299757444,921-596-956
4497813332475597,248-917-9656
4499189493575170,426-335-971
4499190640012125,813-885-9957
4499216871774727,598-746-5518
4501862290750321,002-122-1784
4502525662160580,413-520-0724
4503569600510372,424-445-4021
4503688355429461,436-575-922
4503837676285983,194-941-640
4505045348385169,809-707-8593
4505552432312983,718-911-728
4505604823750451,751-402-7060
4506226815556438,654-037-0927
4506610161723488,805-543-5924
4506735491541761,957-736-519
4508245506496645,635-428-159
4508457481196674,254-843-6005
4510154608250932,212-907-187
4511207509216474,169-400-3969
4512919791295219,235-934-8941
4514301954937499,262-447-4389
4514693839493098,050-957-902
4515286192484645,388-037-725
4517055444810388,714-666-8438
4517835902607297,434-373-162
4517966638747469,224-585-955
4518892311664202,047-020-645
4520348351289471,978-441-2590
4520752149434648,221-046-1907
4521464191345156,903-007-659
4522712232695248,456-021-6337
4522992177133542,173-844-6950
4523811835038845,834-836-4056
4524501695416095,016-089-8473
4524670155497091,168-779-0853
4524742451942888,057-430-2300
4525143795073911,068-454-342
4526167639621956,355-774-940
4527457318877691,619-319-7522
4528370142618620,097-061-3481
4528825086316192,284-867-4723
4531343684833357,591-646-669
4534652186472556,600-249-568
4534830934208478,204-539-8865
4535325031527077,294-658-866
4536276652259202,959-468-293
4536625049252330,094-895-2402
4536665141272927,469-319-415
4537481840926337,021-476-852
4537756356842121,519-194-7944
4538484255567363,768-726-8639
4539021023135138,539-502-8879
4539364639061292,723-425-7060
4539709765505878,345-488-100
4539883298490484,583-556-8339
4540155641782389,144-787-324
4540631269881588,968-029-2880
4540761899690354,090-504-809
4541422671100398,562-359-4568
4542456671094507,495-142-7471
4543827304341342,542-237-573
4544169120375215,471-897-2499
4544984958586265,481-740-549
4547755868399925,672-587-4449
4547803786757020,296-101-3961
4548894707207830,803-726-809
4549240653102493,423-287-1971
4550165904381412,174-506-1337
4550479324602293,951-455-9720
4550861816801949,815-420-950
4550988181925290,350-297-9243
4551436445925531,038-355-4892
4551883638677504,756-294-1285
4552135395757139,720-932-600
4552905622355794,709-945-929
4554030274921716,561-638-807
4555039597977171,125-796-786
4555544427410343,157-363-976
4559722197617901,146-321-3002
4560907316501741,521-659-4542
4561821301360238,125-003-511
4562190934995292,080-108-8839
4563033163342050,318-128-5284
4565355672462378,365-745-405
4566129443830661,508-772-3071
4566594846374858,248-666-1897
4567015229716621,899-308-2528
4567657695237739,422-065-365
4567696222253355,761-457-6931
4568316707255259,437-843-2415
4568818385085064,072-064-211
4569146532642317,853-995-166
4570358619709862,941-518-428
4570468168065614,613-793-466
4570557579240483,307-971-979
4570609589821222,192-004-387
4570854883335319,032-593-5849
4572263749659755,256-710-439
4573222144383485,347-630-826
4574876262818264,168-403-2526
4574953063114134,811-096-378
4575236693667757,345-609-0759
4575854710192276,595-184-3620
4576630341765030,099-647-303
4577338263228974,073-976-5278
4578805290016365,559-632-4323
4578924701799566,314-967-950
4581257248960374,906-125-310
4581846913785627,012-079-3565
4582265634822032,657-283-765
4585696182701268,847-743-6891
4585741851642383,254-019-3891
4586640725897521,006-188-2058
4587261056235451,809-912-5203
4590131467493012,875-952-333
4590304043006299,872-519-877
4591895895347631,377-432-1168
4592840153566596,935-127-910
4594270277681238,472-916-858
4594636258234371,139-489-158
4594834755784556,398-290-899
4595227642240222,230-912-9142
4596281348089598,171-814-1382
4597772276051013,154-751-3567
4599050157301809,526-033-7527
4600266105065844,962-408-9298
4600670705923155,739-375-111
4601606453396466,577-419-1449
4601715060029160,746-248-2765
4604916725786429,957-842-637
4605677101806368,013-487-6557
4607039963246365,963-550-429
4607455033454344,836-927-887
4607772348126205,598-970-678
4608117801428988,781-470-3242
4608720787737825,294-777-9380
4609661544224161,449-809-581
4611338620600327,633-148-908
4611343864349953,759-170-4145
4612363851424956,003-737-9079
4613904604372395,356-095-376
4615559998933778,973-816-9223
4616376757666211,728-772-040
4618080737069359,612-998-094
4618830690916396,907-606-4683
4619876738183670,730-498-7073
4620074688280954,198-824-378
4621598568993236,438-038-7733
4622665263189011,730-962-2177
4622772015406154,881-346-6651
4625220245593026,870-601-304
4628025983097834,503-376-5426
4628100634736740,034-951-1821
4628588606530481,301-872-5592
4629142677497490,028-200-6507
4630489359371312,338-294-5024
4631299083786027,253-812-4859
4631327729592150,569-092-0271
4633196992573793,314-264-442
4634089700315970,378-041-747
4634364486393982,526-387-031
4634567276164716,346-807-756
4635827874531842,967-120-859
4635933708592248,321-708-1374
4636065093311410,528-297-042
4637606781513855,556-414-210
4639102185980146,866-137-1123
4639413330652245,341-248-318
4639674793242382,308-914-554
4640375896049610,680-437-7206
4640398678563640,087-720-4831
4640825813052402,435-058-9460
4640936597037731,799-700-483
4641397002062088,395-767-7419
4641578286944410,875-487-884
4641584910219112,439-315-377
4642193984090638,894-101-850
4644767604398907,456-878-1776
4645261208801101,962-788-0798
4645362166378270,930-051-892
4645501162664932,682-531-7180
4646840857108394,763-624-476
4647027642804128,051-131-9895
4647130895139547,684-407-944
4647479914477374,978-346-310
4647672116889004,986-419-791
4648143319327480,173-168-2857
4648182715644460,949-952-215
4649314929436495,225-082-3271
4650488899780151,839-397-2023
4650795795023100,750-106-647
4651794982411086,343-177-436
4652216906678292,197-114-752
4652244314493526,844-396-193
4652833497648151,885-297-7344
4653002141662708,815-452-829
4654996398146126,700-316-498
4655095978217115,291-493-0259
4655139791387703,986-363-559
4656829114996904,198-834-625
4657277302562667,452-717-8452
4658473582345654,578-274-9602
4659132768020122,455-352-7811
4659492169111254,513-272-823
4659688695267011,449-857-3272
4659788362244291,977-474-047
4660068807696091,139-919-6703
4660330446097440,368-913-748
4660876795287867,436-713-567
4661067444976220,616-047-1561
4661558941949751,962-824-678
4662335600916309,894-283-859
4663183179425388,561-746-637
4663629679923231,306-704-854
4664221361829519,815-151-9364
4664299680054720,630-466-9800
4665094752948688,928-277-9668
4665741321672997,587-091-070
4666109552400455,519-194-7944
4666723706961731,137-304-230
4667291797727105,710-545-436
4668701510801358,582-551-536
4668716275327670,149-081-6148
4668874253500188,375-541-170
4669298799222314,431-474-5661
4669325580216245,720-977-4453
4669328526065254,617-736-610
4669466175618294,834-992-7116
4670839113267399,489-495-521
4670897307776450,714-575-892
4670994314221404,091-034-3761
4671886788430728,076-086-940
4672224328856336,887-589-3918
4672546724229738,585-032-6662
4673560290432740,113-850-3482
4674154109245599,987-299-3854
4674462799468888,113-249-633
4674644448446288,832-617-001
4674758497391201,371-861-6232
4676174034566974,106-175-0302
4677529513650517,001-766-3310
4677790053035796,682-876-3755
4677977110381889,113-118-3449
4678494391549951,253-850-654
4679693275521916,329-905-5521
4679755269704772,476-759-399
4681540025886212,030-339-7375
4682134406868954,526-711-3507
4682406283488555,487-229-144
4682578461402127,237-423-742
4684183056947624,995-231-406
4685233541099314,973-160-6805
4685545723641955,469-949-563
4687410534390326,536-063-320
4688962035283607,833-782-821
4689308826760545,803-818-723
4689947832570990,773-545-006
4690169965345044,915-351-6670
4690764475015754,938-810-0193
4692836857025417,993-989-790
4693154208634534,372-864-7078
4693249929037700,586-295-7057
4693251099443007,429-872-3652
4693685455683302,325-444-3422
4694307532140896,353-589-4034
4694537608751453,592-680-0133
4695531014934323,479-487-769
4697538525351598,390-889-4047
4697581284075289,137-800-847
4698168199867361,200-083-9081
4698918144149400,241-055-319
4700415075420476,693-115-379
4700994812621646,445-373-223
4701801934047924,986-778-252
4702394000836817,998-172-400
4702850803997999,976-492-5252
4704284259851088,384-116-8858
4704374156899106,858-670-646
4705373094183309,451-366-6411
4706959568824862,694-295-851
4707414886371450,421-576-222
4707760807751208,672-638-100
4708151778136034,112-934-2788
4708813778052665,261-380-076
4708947223465427,111-083-659
4709721338439315,964-827-2392
4710031461888941,639-211-133
4710203010284498,887-597-439
4710580183180722,933-598-2025
4710842579863968,097-980-3247
4710968684455497,571-510-3506
4712530035916110,417-436-6705
4712947547245624,725-863-418
4713425793647461,432-408-9176
4714087271650372,378-582-1911
4714819317169680,104-928-3877
4714960349516264,367-350-927
4715238853908618,542-590-4330
4716870627203535,976-375-2028
4718120543846233,710-545-436
4719593813059522,045-632-380
4719977189493318,843-221-6923
4720076834428410,430-130-577
4720698984495855,858-595-335
4720853029349894,885-263-042
4721488900255172,603-838-985
4724049229873892,663-840-283
4724705860760900,743-515-7140
4724722321099737,517-154-9374
4725315419243082,279-082-887
4725398708090356,984-140-694
4725435752210207,802-100-733
4725579865223860,245-857-935
4726850159091795,347-944-916
4727542652665311,341-962-8231
4728424211321943,130-744-3997
4729053780467941,464-904-796
4730983929642144,432-315-310
4731225228098225,491-778-3320
4732595942570991,228-918-8161
4733127168422225,207-341-6533
4734606513095587,225-682-1580
4734709281949140,413-917-2766
4735084058921451,542-128-8808
4735325451000009,004-507-244
4738318060732507,519-866-095
4738435260605117,540-060-243
4740094979586831,327-926-923
4740972175050233,117-403-171
4741567809226529,735-213-7074
4742218192254210,881-114-507
4743099174848081,344-435-8054
4743800053158009,060-013-2489
4744895553377702,150-697-249
4745720477877620,377-202-304
4746264094854414,945-091-6027
4746561133993172,770-090-5759
4746701694107560,495-283-334
4747371817078103,967-920-771
4748237600795709,852-518-7184
4748317029586390,981-595-8998
4750091404292636,205-401-383
4750613093244634,742-059-8166
4751503155795194,770-062-429
4754523235038107,389-466-684
4755299172179944,819-306-0003
4755316864926737,059-870-2610
4756418291149179,208-643-418
4756651153469356,348-119-8014
4756906285282881,012-274-173
4757346727565446,934-721-1224
4757623703056149,939-343-0918
4759247110814078,023-666-523
4759359886380760,156-571-8242
4759404186671730,092-066-0212
4762048420954405,625-471-077
4762417063650226,050-062-6527
4763001196893009,547-046-6151
4763124109139433,348-270-6584
4763262351024505,665-300-6082
4765992607903684,481-027-7156
4766570864381098,359-179-607
4766764470972792,846-697-8721
4768301480957733,865-102-777
4770380604067088,650-219-973
4771027567657616,374-152-2168
4773433666169826,225-467-916
4773553972630797,565-915-420
4774591714094368,820-823-9171
4774751078946591,765-308-0062
4775281596813940,240-099-145
4776642856733558,458-169-986
4777090206533956,740-753-909
4778155518699479,705-123-648
4780413043782393,370-112-894
4780804271728902,097-599-838
4781260903940259,068-555-755
4782169925138090,518-723-4920
4782901114542249,724-664-995
4783000904136202,836-118-727
4784494024536756,961-955-638
4785895083194080,402-181-4777
4786041469830653,249-822-6865
4786077038829354,441-269-985
4786160532536525,768-272-4659
4787090609721842,367-612-712
4788890805158403,857-203-592
4789397297328592,569-985-7001
4791321608095381,382-865-026
4793982166001315,459-609-0552
4794166831081550,814-791-867
4795007989406497,513-952-3557
4795041423668743,451-791-4261
4795141678368526,034-688-666
4795213984819292,309-491-9800
4795730987001545,106-078-4290
4796191002016902,220-518-1345
4798269858659914,875-879-9857
4800620860980068,193-998-815
4802705696364195,323-666-6806
4803909835842868,350-220-9326
4804009243946267,794-753-2374
4804333381515845,716-795-854
4804454021738744,739-117-655
4804797979826493,722-335-128
4805819127738963,339-973-2552
4806983234525066,315-262-0037
4807263169963403,967-496-2570
4807935180011185,121-370-739
4808723313331137,640-308-604
4810643906653042,636-271-9609
4810937095534280,171-708-0016
4812705113191039,043-602-2198
4812761857617085,598-334-331
4813226767541857,648-425-780
4813683441894526,337-021-855
4813705359148155,659-680-672
4814013122983860,397-649-567
4814097682865757,629-479-3178
4815196895441940,032-748-156
4815802858855865,079-551-2889
4816863870288278,785-889-601
4817210328467386,802-328-749
4817311018972345,132-951-280
4817385753236595,874-787-6208
4817992222289970,083-084-714
4818330953960262,583-149-399
4818467981669158,919-014-2386
4818863800654134,707-044-7251
4820709484999301,049-489-645
4821675005013758,347-551-8789
4821981709228373,300-888-400
4822540002568478,887-645-7562
4823997063511350,344-245-861
4824444111037939,848-637-754
4825075254350447,569-985-7001
4828484758757700,974-346-0403
4829921082679562,387-595-6994
4830121531561365,450-229-4373
4831016740705002,282-964-443
4832151814401052,987-861-4472
4832618975422432,998-802-716
4833812045945642,712-602-716
4834144980582563,528-516-3248
4834584160471071,863-640-9614
4834678530113783,013-895-540
4835542566169326,666-684-9851
4837584334729641,699-155-373
4838533408042018,750-880-1388
4839534292347140,255-552-8460
4840215441494127,051-996-3213
4840423411859671,736-541-6306
4840527961101167,343-739-5537
4841244038124854,199-028-966
4841304411737746,066-583-5088
4841952131175892,518-830-595
4841975801821495,805-543-5924
4843427372106755,075-868-5849
4843520985427798,869-703-176
4844336347844946,417-586-454
4844826879341352,269-421-769
4846392335445673,398-479-935
4848781687600166,233-631-8691
4849609718434496,263-875-304
4850333440251757,963-955-8185
4850957365656036,897-378-7989
4852419990430830,343-911-0373
4852514117132127,978-759-3882
4852977523784460,374-364-6480
4853006936568655,314-963-383
4853318857123737,302-007-250
4855156913487144,971-282-959
4856705123792682,869-131-978
4858455293120763,782-775-843
4858571062583617,647-777-798
4859475779140282,542-237-573
4860133728355140,486-474-6101
4860445217834223,972-157-5376
4860761967076447,145-070-329
4861442010447831,509-826-6709
4862932417925925,852-666-701
4864302589636569,645-768-017
4864382187129050,227-190-4187
4864503097661961,439-933-020
4866990260716896,475-943-437
4868018927580139,574-490-098
4868353727711943,520-833-885
4873474478391819,463-559-7620
4873714668269501,230-775-4014
4874768758050485,362-193-460
4874773160331556,824-675-169
4875379320667993,052-385-371
4875544994697721,257-165-4654
4876436279783079,183-296-4655
4876676295117303,672-457-9606
4879523530336396,506-482-7933
4880743077552521,149-725-1709
4883459337126348,816-820-391
4883596606917699,746-742-4424
4884679230425286,379-850-464
4885016379550096,504-220-3217
4885313485737489,954-222-539
4885349780597426,831-818-469
4886272628356731,467-180-8030
4888629025157574,674-705-384
4888903591429950,400-838-928
4890424669095264,942-613-0989
4890766563503557,281-341-5150
4891267415769800,607-715-6020
4891492222990429,213-581-2346
4891783823420893,780-696-3808
4892073668949829,199-793-263
4892823169242573,107-631-0616
4893333134995411,495-613-8235
4893552158064826,528-687-617
4894254287880342,506-482-7933
4894274518568482,173-168-2857
4895164227699273,386-959-755
4895302680036522,115-149-7801
4896614078820815,574-474-3191
4897208504379675,855-414-984
4898462841036865,955-682-2723
4898477505948445,192-359-6729
4898844450729148,335-683-338
4899781798973864,207-341-6533
4899796132495226,474-432-486
4900088389304930,632-546-2711
4900409583780123,407-919-8898
4900751441896967,018-349-0983
4901193238513365,018-512-5468
4902802862901667,782-695-101
4902967766481759,683-683-004
4908098040589029,069-067-193
4909563260631255,221-026-386
4910748220696855,533-776-2810
4911110012733538,193-237-0791
4911930493082679,916-437-048
4912315420775703,804-453-1463
4913519870111793,399-812-3321
4913929793693761,399-183-237
4915560796924941,335-924-1354
4917132764419581,987-452-5241
4917506963390406,711-961-1895
4918229147440117,682-238-2075
4919150924886877,077-953-310
4922335195539025,943-331-0128
4924583581118510,831-980-849
4924631765227753,717-412-111
4925746116896178,199-942-9277
4926772912686471,040-386-844
4927385383452353,437-843-2415
4928163004792021,116-608-9515
4928607169465781,922-089-5593
4929200385794215,598-680-6521
4930953182076379,570-947-6334
4930988563489411,318-872-4458
4931179705482758,106-729-2695
4931675517924333,586-706-1963
4933689009921093,501-623-160
4934836903970002,163-351-362
4935652078341625,711-313-3863
4936238788466057,272-027-767
4937773950816076,359-923-119
4938679517224432,150-397-8690
4938855089267765,436-575-922
4939687237087731,445-041-6599
4940032266883543,094-573-990
4940225499057386,079-551-2889
4941540145929229,473-713-878
4942151850274410,348-437-0021
4942522310924416,862-999-952
4944638338563800,437-843-2415
4945351850994507,665-993-234
4946182689995038,051-213-8944
4948046082181801,638-009-9953
4948958385513573,602-842-933
4949359805514938,809-491-6799
4952214539606423,796-278-9238
4952443870120013,883-627-6945
4953239347498845,484-823-882
4953475335389246,079-543-112
4954461869622334,487-997-207
4956501928779282,269-421-769
4956681227546788,934-986-634
4956780979508689,958-437-1592
4957724474886736,165-343-8114
4958087620834284,306-705-107
4958460551235005,304-407-539
4960291649780272,020-725-490
4960432413904983,367-806-951
4963063238958594,959-468-293
4963678587481318,729-073-002
4963741063656991,348-662-8625
4963892847085732,606-132-485
4964068390965518,138-918-6129
4964169964009772,224-133-3515
4964965109956037,325-218-2052
4965425306395694,164-579-831
4965640546180645,782-105-6160
4965962723985145,943-612-864
4966793734893054,029-413-4277
4967457301083577,691-429-1799
4968096013977442,979-508-703
4968301126751605,759-894-914
4968779866330369,714-559-1359
4968994415584586,749-524-4159
4969289892048851,741-321-2020
4969829236770973,753-138-3611
4970138502315001,963-616-941
4971488368856310,179-150-011
4971743948846508,524-118-9357
4973174893291375,539-029-1131
4973600881474060,571-481-8090
4973847834689175,112-460-128
4973849265234299,058-552-7672
4974040272130683,456-989-832
4974142814303784,851-868-2103
4975032749316960,595-030-856
4975217894689002,641-285-279
4976576576923297,388-804-746
4976815190214737,452-205-870
4978304530989355,668-532-411
4979542509348298,052-035-3275
4979987376582257,070-179-750
4980191427334449,901-532-998
4980536646122225,121-102-6670
4980801696468732,696-786-7196
4980836170350618,540-310-8459
4981762616875738,163-563-9618
4982603562499025,046-330-7817
4984855709140510,361-619-858
4985209122284316,673-038-996
4986365957237933,663-616-5154
4986423556020794,018-751-948
4986817340333852,982-671-926
4987342236770108,553-868-306
4988531515298653,554-423-618
4989541888375516,738-396-158
4989565452003352,346-604-8095
4989881361938947,544-832-722
4991948395218459,139-639-309
4992193083135595,755-355-6839
4992695962526009,722-642-4911
4995578414207914,285-126-384
4995925241837373,494-387-123
4996173210856988,803-478-224
4996612130037765,959-088-9940
4997954982363546,628-269-192
4999903499627313,696-150-009
