id,name
001-766-3310,001-766-3310
002-122-1784,002-122-1784
003-737-9079,003-737-9079
004-507-244,004-507-244
005-189-227,005-189-227
005-386-3071,005-386-3071
006-188-2058,006-188-2058
006-818-8559,006-818-8559
007-976-8664,007-976-8664
009-039-714,009-039-714
009-311-9642,009-311-9642
009-596-8094,009-596-8094
009-779-468,009-779-468
010-043-9275,010-043-9275
010-612-5080,010-612-5080
010-783-2273,010-783-2273
012-079-3565,012-079-3565
012-274-173,012-274-173
013-301-894,013-301-894
013-487-6557,013-487-6557
013-895-540,013-895-540
016-089-8473,016-089-8473
016-135-8056,016-135-8056
016-216-121,016-216-121
017-871-473,017-871-473
018-080-145,018-080-145
018-349-0983,018-349-0983
018-512-5468,018-512-5468
018-700-485,018-700-485
018-751-948,018-751-948
019-670-8395,019-670-8395
020-725-490,020-725-490
021-476-852,021-476-852
023-666-523,023-666-523
024-964-8906,024-964-8906
026-683-2994,026-683-2994
027-354-4216,027-354-4216
028-200-6507,028-200-6507
029-193-0044,029-193-0044
029-413-4277,029-413-4277
030-339-7375,030-339-7375
032-593-5849,032-593-5849
032-748-156,032-748-156
034-280-5324,034-280-5324
034-397-512,034-397-512
034-405-277,034-405-277
034-688-666,034-688-666
034-951-1821,034-951-1821
035-048-6865,035-048-6865
036-799-5660,036-799-5660
037-156-2173,037-156-2173
038-355-4892,038-355-4892
040-329-961,040-329-961
040-386-844,040-386-844
042-608-0479,042-608-0479
042-838-638,042-838-638
043-362-7025,043-362-7025
043-602-2198,043-602-2198
044-502-197,044-502-197
044-571-020,044-571-020
045-632-380,045-632-380
045-632-562,045-632-562
046-330-7817,046-330-7817
046-697-600,046-697-600
047-020-645,047-020-645
049-489-645,049-489-645
049-832-9126,049-832-9126
050-062-6527,050-062-6527
050-515-767,050-515-767
050-957-902,050-957-902
051-131-9895,051-131-9895
051-213-8944,051-213-8944
051-996-3213,051-996-3213
052-035-3275,052-035-3275
052-385-371,052-385-371
053-754-4102,053-754-4102
055-969-1832,055-969-1832
056-319-885,056-319-885
056-757-4202,056-757-4202
057-430-2300,057-430-2300
057-872-7096,057-872-7096
058-552-7672,058-552-7672
059-759-042,059-759-042
059-870-2610,059-870-2610
060-013-2489,060-013-2489
061-370-9238,061-370-9238
062-856-9672,062-856-9672
065-015-863,065-015-863
066-583-5088,066-583-5088
068-401-743,068-401-743
068-454-342,068-454-342
068-555-755,068-555-755
069-061-8670,069-061-8670
069-067-193,069-067-193
069-917-296,069-917-296
070-040-518,070-040-518
070-179-750,070-179-750
070-328-484,070-328-484
070-780-363,070-780-363
072-064-211,072-064-211
073-397-6422,073-397-6422
073-976-5278,073-976-5278
075-548-487,075-548-487
075-868-5849,075-868-5849
076-086-940,076-086-940
077-953-310,077-953-310
078-979-822,078-979-822
079-543-112,079-543-112
079-551-2889,079-551-2889
080-108-8839,080-108-8839
083-084-714,083-084-714
083-870-1944,083-870-1944
084-006-486,084-006-486
084-976-3196,084-976-3196
087-638-9036,087-638-9036
087-720-4831,087-720-4831
088-036-480,088-036-480
088-474-921,088-474-921
088-741-037,088-741-037
090-034-1114,090-034-1114
090-504-809,090-504-809
091-034-3761,091-034-3761
092-066-0212,092-066-0212
092-072-3307,092-072-3307
093-749-248,093-749-248
094-238-6009,094-238-6009
094-365-704,094-365-704
094-573-990,094-573-990
094-895-2402,094-895-2402
095-276-908,095-276-908
095-466-504,095-466-504
097-061-3481,097-061-3481
097-599-838,097-599-838
097-854-088,097-854-088
097-980-3247,097-980-3247
098-565-0317,098-565-0317
099-076-2651,099-076-2651
099-647-303,099-647-303
100-662-917,100-662-917
101-898-166,101-898-166
102-852-585,102-852-585
104-351-570,104-351-570
104-928-3877,104-928-3877
106-078-4290,106-078-4290
106-175-0302,106-175-0302
106-729-2695,106-729-2695
107-597-272,107-597-272
107-631-0616,107-631-0616
107-815-4082,107-815-4082
107-864-0358,107-864-0358
108-500-446,108-500-446
108-859-6484,108-859-6484
111-083-659,111-083-659
111-264-7607,111-264-7607
111-390-569,111-390-569
111-399-3961,111-399-3961
112-460-128,112-460-128
112-934-2788,112-934-2788
113-118-3449,113-118-3449
113-249-633,113-249-633
113-850-3482,113-850-3482
115-149-7801,115-149-7801
116-263-8010,116-263-8010
116-594-8958,116-594-8958
116-608-9515,116-608-9515
117-049-0987,117-049-0987
117-328-125,117-328-125
117-403-171,117-403-171
118-216-1938,118-216-1938
120-972-201,120-972-201
121-102-6670,121-102-6670
121-159-3599,121-159-3599
121-370-739,121-370-739
125-003-511,125-003-511
125-796-786,125-796-786
130-744-3997,130-744-3997
132-951-280,132-951-280
133-020-7878,133-020-7878
133-074-6962,133-074-6962
133-139-0895,133-139-0895
134-761-372,134-761-372
134-810-666,134-810-666
137-304-230,137-304-230
137-800-847,137-800-847
138-394-280,138-394-280
138-918-6129,138-918-6129
139-489-158,139-489-158
139-639-309,139-639-309
139-919-6703,139-919-6703
140-407-370,140-407-370
140-896-323,140-896-323
141-410-447,141-410-447
141-568-0500,141-568-0500
144-106-278,144-106-278
144-480-006,144-480-006
144-787-324,144-787-324
145-070-329,145-070-329
146-255-944,146-255-944
146-321-3002,146-321-3002
147-366-415,147-366-415
149-081-6148,149-081-6148
149-725-1709,149-725-1709
150-397-8690,150-397-8690
150-697-249,150-697-249
150-944-909,150-944-909
151-281-2816,151-281-2816
152-167-394,152-167-394
153-978-9505,153-978-9505
154-751-3567,154-751-3567
156-571-8242,156-571-8242
156-588-4385,156-588-4385
157-262-122,157-262-122
157-363-976,157-363-976
161-748-1334,161-748-1334
163-017-813,163-017-813
163-351-362,163-351-362
163-563-9618,163-563-9618
164-579-831,164-579-831
165-253-863,165-253-863
165-343-8114,165-343-8114
165-411-489,165-411-489
165-630-3215,165-630-3215
165-853-550,165-853-550
168-403-2526,168-403-2526
168-779-0853,168-779-0853
169-239-911,169-239-911
169-400-3969,169-400-3969
169-687-612,169-687-612
171-165-973,171-165-973
171-708-0016,171-708-0016
171-814-1382,171-814-1382
173-168-2857,173-168-2857
173-421-7520,173-421-7520
173-844-6950,173-844-6950
174-072-201,174-072-201
174-479-5377,174-479-5377
174-506-1337,174-506-1337
176-277-8435,176-277-8435
178-048-7191,178-048-7191
178-983-9581,178-983-9581
179-150-011,179-150-011
179-364-772,179-364-772
180-543-520,180-543-520
182-392-733,182-392-733
183-296-4655,183-296-4655
184-462-5959,184-462-5959
185-249-520,185-249-520
190-357-2721,190-357-2721
191-838-353,191-838-353
192-004-387,192-004-387
192-359-6729,192-359-6729
193-237-0791,193-237-0791
193-305-9883,193-305-9883
193-998-815,193-998-815
193-999-1641,193-999-1641
194-563-481,194-563-481
194-941-640,194-941-640
197-114-752,197-114-752
197-639-567,197-639-567
198-114-300,198-114-300
198-824-378,198-824-378
198-834-625,198-834-625
198-867-4639,198-867-4639
199-028-966,199-028-966
199-169-322,199-169-322
199-793-263,199-793-263
199-942-9277,199-942-9277
200-083-9081,200-083-9081
203-240-6474,203-240-6474
203-345-224,203-345-224
204-042-6941,204-042-6941
204-539-8865,204-539-8865
204-859-8584,204-859-8584
205-401-383,205-401-383
206-305-118,206-305-118
206-473-771,206-473-771
206-492-727,206-492-727
207-341-6533,207-341-6533
207-576-9564,207-576-9564
208-643-418,208-643-418
210-071-409,210-071-409
212-680-4176,212-680-4176
212-832-8675,212-832-8675
212-907-187,212-907-187
213-581-2346,213-581-2346
214-472-8917,214-472-8917
215-374-5227,215-374-5227
217-395-896,217-395-896
218-010-0067,218-010-0067
220-410-7642,220-410-7642
220-518-1345,220-518-1345
221-026-386,221-026-386
221-046-1907,221-046-1907
222-224-5049,222-224-5049
224-133-3515,224-133-3515
224-523-031,224-523-031
224-585-955,224-585-955
225-082-3271,225-082-3271
225-467-916,225-467-916
225-682-1580,225-682-1580
226-466-728,226-466-728
227-190-4187,227-190-4187
228-918-8161,228-918-8161
229-156-448,229-156-448
230-775-4014,230-775-4014
230-855-091,230-855-091
230-912-9142,230-912-9142
232-705-2867,232-705-2867
233-500-4030,233-500-4030
233-631-8691,233-631-8691
233-672-172,233-672-172
233-789-6275,233-789-6275
233-794-016,233-794-016
234-045-011,234-045-011
234-296-5373,234-296-5373
235-934-8941,235-934-8941
236-169-1326,236-169-1326
237-423-742,237-423-742
238-541-6329,238-541-6329
239-599-6107,239-599-6107
240-099-145,240-099-145
240-709-8331,240-709-8331
240-913-829,240-913-829
241-055-319,241-055-319
242-803-672,242-803-672
242-831-717,242-831-717
243-430-1266,243-430-1266
243-709-5297,243-709-5297
245-857-935,245-857-935
246-423-021,246-423-021
247-080-5093,247-080-5093
248-666-1897,248-666-1897
248-917-9656,248-917-9656
249-822-6865,249-822-6865
251-411-979,251-411-979
251-563-5389,251-563-5389
253-812-4859,253-812-4859
253-850-654,253-850-654
254-019-3891,254-019-3891
254-272-999,254-272-999
254-843-6005,254-843-6005
255-552-8460,255-552-8460
256-710-439,256-710-439
257-020-4562,257-020-4562
257-165-4654,257-165-4654
258-045-0355,258-045-0355
259-523-5683,259-523-5683
259-756-1035,259-756-1035
260-958-0264,260-958-0264
261-380-076,261-380-076
262-249-558,262-249-558
262-447-4389,262-447-4389
262-649-186,262-649-186
262-782-1411,262-782-1411
263-246-913,263-246-913
263-306-587,263-306-587
263-875-304,263-875-304
265-659-3211,265-659-3211
269-118-320,269-118-320
269-219-994,269-219-994
269-421-769,269-421-769
269-435-083,269-435-083
272-027-767,272-027-767
273-837-194,273-837-194
273-970-8341,273-970-8341
274-036-568,274-036-568
275-184-4772,275-184-4772
276-005-050,276-005-050
278-718-6646,278-718-6646
279-082-887,279-082-887
279-096-527,279-096-527
281-341-5150,281-341-5150
282-795-9492,282-795-9492
282-964-443,282-964-443
284-867-4723,284-867-4723
285-126-384,285-126-384
289-572-0609,289-572-0609
291-493-0259,291-493-0259
291-686-7332,291-686-7332
294-658-866,294-658-866
294-777-9380,294-777-9380
294-947-8006,294-947-8006
296-101-3961,296-101-3961
297-042-426,297-042-426
297-486-0387,297-486-0387
297-835-4109,297-835-4109
299-189-326,299-189-326
300-172-9917,300-172-9917
300-888-400,300-888-400
301-872-5592,301-872-5592
302-007-250,302-007-250
304-407-539,304-407-539
304-679-894,304-679-894
306-704-854,306-704-854
306-705-107,306-705-107
307-320-586,307-320-586
307-686-576,307-686-576
307-971-979,307-971-979
308-837-9683,308-837-9683
308-914-554,308-914-554
309-491-9800,309-491-9800
313-571-2063,313-571-2063
314-123-3697,314-123-3697
314-264-442,314-264-442
314-963-383,314-963-383
314-967-950,314-967-950
315-262-0037,315-262-0037
318-128-5284,318-128-5284
318-872-4458,318-872-4458
320-364-6903,320-364-6903
320-636-7284,320-636-7284
321-708-1374,321-708-1374
323-058-001,323-058-001
323-666-6806,323-666-6806
325-218-2052,325-218-2052
325-444-3422,325-444-3422
326-685-7869,326-685-7869
327-226-0233,327-226-0233
327-674-338,327-674-338
327-926-923,327-926-923
328-347-636,328-347-636
328-482-4556,328-482-4556
329-905-5521,329-905-5521
330-278-9963,330-278-9963
330-347-621,330-347-621
331-607-8212,331-607-8212
331-914-139,331-914-139
333-694-9435,333-694-9435
333-897-8569,333-897-8569
335-683-338,335-683-338
335-924-1354,335-924-1354
336-759-0302,336-759-0302
337-021-855,337-021-855
338-294-5024,338-294-5024
338-742-270,338-742-270
339-973-2552,339-973-2552
340-867-8092,340-867-8092
341-248-318,341-248-318
341-962-8231,341-962-8231
342-089-7314,342-089-7314
343-177-436,343-177-436
343-739-5537,343-739-5537
343-911-0373,343-911-0373
344-245-861,344-245-861
344-435-8054,344-435-8054
345-488-100,345-488-100
345-609-0759,345-609-0759
345-633-400,345-633-400
346-604-8095,346-604-8095
346-807-756,346-807-756
347-551-8789,347-551-8789
347-630-826,347-630-826
347-944-916,347-944-916
348-119-8014,348-119-8014
348-270-6584,348-270-6584
348-437-0021,348-437-0021
348-662-8625,348-662-8625
348-763-233,348-763-233
350-220-9326,350-220-9326
350-297-9243,350-297-9243
350-889-257,350-889-257
351-077-243,351-077-243
353-075-8404,353-075-8404
353-589-4034,353-589-4034
355-774-940,355-774-940
356-095-376,356-095-376
359-007-7935,359-007-7935
359-179-607,359-179-607
359-923-119,359-923-119
360-063-250,360-063-250
361-619-858,361-619-858
362-193-460,362-193-460
362-245-6186,362-245-6186
362-713-4946,362-713-4946
364-426-7227,364-426-7227
364-586-402,364-586-402
365-745-405,365-745-405
367-350-927,367-350-927
367-593-6136,367-593-6136
367-612-712,367-612-712
367-806-951,367-806-951
368-791-221,368-791-221
368-810-479,368-810-479
368-913-748,368-913-748
370-112-894,370-112-894
371-861-6232,371-861-6232
372-864-7078,372-864-7078
374-152-2168,374-152-2168
374-364-6480,374-364-6480
375-541-170,375-541-170
376-934-969,376-934-969
377-202-304,377-202-304
377-432-1168,377-432-1168
378-041-747,378-041-747
378-582-1911,378-582-1911
379-850-464,379-850-464
381-746-7114,381-746-7114
381-996-7893,381-996-7893
382-082-562,382-082-562
382-865-026,382-865-026
382-870-7721,382-870-7721
383-002-559,383-002-559
383-310-5535,383-310-5535
384-116-8858,384-116-8858
384-170-4639,384-170-4639
384-913-8817,384-913-8817
386-959-755,386-959-755
387-595-6994,387-595-6994
388-037-725,388-037-725
388-804-746,388-804-746
388-892-194,388-892-194
389-466-684,389-466-684
390-007-5879,390-007-5879
390-156-081,390-156-081
390-889-4047,390-889-4047
393-095-1610,393-095-1610
393-738-731,393-738-731
393-907-419,393-907-419
395-767-7419,395-767-7419
396-255-9946,396-255-9946
396-289-0738,396-289-0738
396-504-568,396-504-568
397-058-515,397-058-515
397-649-567,397-649-567
398-290-899,398-290-899
398-479-935,398-479-935
399-183-237,399-183-237
399-763-514,399-763-514
399-812-3321,399-812-3321
399-933-130,399-933-130
400-419-701,400-419-701
400-675-3699,400-675-3699
400-683-898,400-683-898
400-838-928,400-838-928
401-021-098,401-021-098
401-558-962,401-558-962
401-629-215,401-629-215
401-940-8562,401-940-8562
402-101-688,402-101-688
402-181-4777,402-181-4777
405-285-268,405-285-268
405-648-9836,405-648-9836
406-312-7813,406-312-7813
406-513-360,406-513-360
407-919-8898,407-919-8898
409-621-7880,409-621-7880
413-520-0724,413-520-0724
413-917-2766,413-917-2766
414-457-431,414-457-431
414-747-5219,414-747-5219
415-675-001,415-675-001
415-821-9704,415-821-9704
417-436-6705,417-436-6705
417-586-454,417-586-454
419-011-801,419-011-801
421-576-222,421-576-222
422-065-365,422-065-365
423-287-1971,423-287-1971
424-445-4021,424-445-4021
425-534-1638,425-534-1638
426-239-747,426-239-747
426-335-971,426-335-971
426-858-459,426-858-459
427-222-420,427-222-420
428-124-3253,428-124-3253
429-872-3652,429-872-3652
429-925-533,429-925-533
430-130-577,430-130-577
430-326-323,430-326-323
431-474-5661,431-474-5661
431-861-6912,431-861-6912
432-315-310,432-315-310
432-408-9176,432-408-9176
433-606-846,433-606-846
433-883-077,433-883-077
434-307-0103,434-307-0103
434-373-162,434-373-162
435-009-113,435-009-113
435-058-9460,435-058-9460
436-575-922,436-575-922
436-713-567,436-713-567
437-794-8154,437-794-8154
437-843-2415,437-843-2415
438-038-7733,438-038-7733
439-315-377,439-315-377
439-933-020,439-933-020
441-269-985,441-269-985
441-351-1241,441-351-1241
442-519-625,442-519-625
444-852-7386,444-852-7386
445-041-6599,445-041-6599
445-373-223,445-373-223
447-986-1084,447-986-1084
449-495-1056,449-495-1056
449-780-209,449-780-209
449-809-581,449-809-581
449-857-3272,449-857-3272
450-229-4373,450-229-4373
451-366-6411,451-366-6411
451-791-4261,451-791-4261
452-031-7826,452-031-7826
452-205-870,452-205-870
452-717-8452,452-717-8452
452-829-8845,452-829-8845
453-370-5382,453-370-5382
454-721-7763,454-721-7763
455-352-7811,455-352-7811
456-021-6337,456-021-6337
456-508-9278,456-508-9278
456-758-2115,456-758-2115
456-878-1776,456-878-1776
456-989-832,456-989-832
457-486-5175,457-486-5175
458-169-986,458-169-986
459-609-0552,459-609-0552
460-555-8113,460-555-8113
463-559-7620,463-559-7620
464-904-796,464-904-796
465-661-809,465-661-809
465-664-3288,465-664-3288
466-693-8736,466-693-8736
467-180-8030,467-180-8030
469-319-415,469-319-415
469-802-0297,469-802-0297
469-949-563,469-949-563
471-897-2499,471-897-2499
472-916-858,472-916-858
473-713-878,473-713-878
474-432-486,474-432-486
475-943-437,475-943-437
476-759-399,476-759-399
478-597-833,478-597-833
479-487-769,479-487-769
480-180-6566,480-180-6566
481-027-7156,481-027-7156
481-345-3108,481-345-3108
481-740-549,481-740-549
482-286-755,482-286-755
482-457-114,482-457-114
482-575-8482,482-575-8482
482-689-418,482-689-418
483-108-6280,483-108-6280
484-374-375,484-374-375
484-823-882,484-823-882
486-122-162,486-122-162
486-474-6101,486-474-6101
486-953-882,486-953-882
487-229-144,487-229-144
487-740-579,487-740-579
487-997-207,487-997-207
488-168-0472,488-168-0472
489-397-4580,489-397-4580
489-495-521,489-495-521
491-778-3320,491-778-3320
492-605-8065,492-605-8065
493-834-041,493-834-041
494-387-123,494-387-123
495-142-7471,495-142-7471
495-283-334,495-283-334
495-613-8235,495-613-8235
495-791-5379,495-791-5379
497-264-6627,497-264-6627
497-658-782,497-658-782
498-765-8215,498-765-8215
500-568-990,500-568-990
501-623-160,501-623-160
502-066-103,502-066-103
502-452-9426,502-452-9426
503-376-5426,503-376-5426
503-546-966,503-546-966
504-220-3217,504-220-3217
506-482-7933,506-482-7933
506-976-312,506-976-312
508-139-4537,508-139-4537
508-561-3021,508-561-3021
508-772-3071,508-772-3071
509-393-7108,509-393-7108
509-826-6709,509-826-6709
512-810-244,512-810-244
513-272-823,513-272-823
513-615-1105,513-615-1105
513-952-3557,513-952-3557
516-203-0164,516-203-0164
517-154-9374,517-154-9374
518-723-4920,518-723-4920
518-787-9246,518-787-9246
518-830-595,518-830-595
519-192-769,519-192-769
519-194-7944,519-194-7944
519-866-095,519-866-095
520-155-9047,520-155-9047
520-357-7557,520-357-7557
520-833-885,520-833-885
521-659-4542,521-659-4542
522-681-571,522-681-571
524-118-9357,524-118-9357
525-019-4654,525-019-4654
525-588-666,525-588-666
526-033-7527,526-033-7527
526-179-175,526-179-175
526-387-031,526-387-031
526-423-191,526-423-191
526-711-3507,526-711-3507
527-025-438,527-025-438
527-571-3928,527-571-3928
528-297-042,528-297-042
528-502-0837,528-502-0837
528-516-3248,528-516-3248
528-687-617,528-687-617
531-878-0652,531-878-0652
532-093-332,532-093-332
532-946-6453,532-946-6453
533-776-2810,533-776-2810
533-954-4628,533-954-4628
533-987-4074,533-987-4074
534-222-9155,534-222-9155
536-063-320,536-063-320
537-651-4168,537-651-4168
537-741-422,537-741-422
537-990-085,537-990-085
539-029-1131,539-029-1131
539-497-7148,539-497-7148
539-502-8879,539-502-8879
539-925-413,539-925-413
540-060-243,540-060-243
540-310-8459,540-310-8459
541-605-3597,541-605-3597
541-678-384,541-678-384
541-763-063,541-763-063
542-128-8808,542-128-8808
542-237-573,542-237-573
542-590-4330,542-590-4330
543-749-553,543-749-553
544-314-4952,544-314-4952
544-832-722,544-832-722
545-379-685,545-379-685
546-907-3701,546-907-3701
547-046-6151,547-046-6151
547-590-6986,547-590-6986
547-836-2781,547-836-2781
548-632-6554,548-632-6554
548-910-742,548-910-742
550-172-7963,550-172-7963
552-998-5413,552-998-5413
553-868-306,553-868-306
554-423-618,554-423-618
556-414-210,556-414-210
557-036-220,557-036-220
557-769-2277,557-769-2277
559-632-4323,559-632-4323
561-638-807,561-638-807
561-746-637,561-746-637
562-359-4568,562-359-4568
563-089-168,563-089-168
564-779-3507,564-779-3507
565-425-966,565-425-966
565-915-420,565-915-420
566-054-7601,566-054-7601
567-549-5821,567-549-5821
568-312-629,568-312-629
569-092-0271,569-092-0271
569-985-7001,569-985-7001
570-291-034,570-291-034
570-947-6334,570-947-6334
571-481-8090,571-481-8090
571-510-3506,571-510-3506
572-229-0470,572-229-0470
572-340-096,572-340-096
572-884-573,572-884-573
573-600-0015,573-600-0015
574-474-3191,574-474-3191
574-490-098,574-490-098
575-000-375,575-000-375
575-393-8991,575-393-8991
575-692-9349,575-692-9349
575-854-349,575-854-349
576-786-873,576-786-873
576-931-8778,576-931-8778
577-419-1449,577-419-1449
578-274-9602,578-274-9602
579-860-4590,579-860-4590
581-279-526,581-279-526
582-551-536,582-551-536
583-149-399,583-149-399
583-423-498,583-423-498
583-556-8339,583-556-8339
584-712-7551,584-712-7551
585-032-6662,585-032-6662
585-344-3185,585-344-3185
586-295-7057,586-295-7057
586-706-1963,586-706-1963
587-091-070,587-091-070
590-765-3231,590-765-3231
591-646-669,591-646-669
592-680-0133,592-680-0133
593-210-3952,593-210-3952
594-144-076,594-144-076
594-746-997,594-746-997
594-923-313,594-923-313
595-030-856,595-030-856
595-184-3620,595-184-3620
597-816-948,597-816-948
597-995-6631,597-995-6631
598-334-331,598-334-331
598-680-6521,598-680-6521
598-746-5518,598-746-5518
598-970-678,598-970-678
600-146-6759,600-146-6759
600-249-568,600-249-568
602-842-933,602-842-933
603-838-985,603-838-985
604-706-811,604-706-811
605-276-907,605-276-907
605-575-763,605-575-763
606-132-485,606-132-485
607-715-6020,607-715-6020
608-098-875,608-098-875
609-044-9910,609-044-9910
612-998-094,612-998-094
613-793-466,613-793-466
615-015-430,615-015-430
616-047-1561,616-047-1561
617-736-610,617-736-610
619-319-7522,619-319-7522
619-558-832,619-558-832
619-598-3936,619-598-3936
621-612-8678,621-612-8678
622-682-067,622-682-067
624-475-1028,624-475-1028
625-004-813,625-004-813
625-207-5218,625-207-5218
625-214-347,625-214-347
625-471-077,625-471-077
627-549-5591,627-549-5591
628-269-192,628-269-192
628-758-110,628-758-110
628-930-4664,628-930-4664
629-121-182,629-121-182
629-479-3178,629-479-3178
630-466-9800,630-466-9800
631-645-6019,631-645-6019
632-092-762,632-092-762
632-546-2711,632-546-2711
633-148-908,633-148-908
634-430-8636,634-430-8636
635-090-299,635-090-299
635-428-159,635-428-159
636-271-9609,636-271-9609
636-946-585,636-946-585
638-009-9953,638-009-9953
638-565-6417,638-565-6417
638-847-639,638-847-639
639-211-133,639-211-133
639-515-3371,639-515-3371
639-923-5632,639-923-5632
640-308-604,640-308-604
640-784-3241,640-784-3241
641-285-279,641-285-279
642-694-6698,642-694-6698
644-731-3056,644-731-3056
645-768-017,645-768-017
645-832-181,645-832-181
647-487-7539,647-487-7539
647-777-798,647-777-798
648-425-780,648-425-780
649-483-550,649-483-550
649-911-4116,649-911-4116
650-219-973,650-219-973
654-037-0927,654-037-0927
654-734-7422,654-734-7422
656-181-142,656-181-142
657-283-765,657-283-765
657-653-712,657-653-712
659-403-024,659-403-024
659-630-730,659-630-730
659-680-672,659-680-672
659-795-1431,659-795-1431
661-110-035,661-110-035
662-301-895,662-301-895
663-484-3129,663-484-3129
663-616-5154,663-616-5154
663-840-283,663-840-283
664-974-3122,664-974-3122
665-300-6082,665-300-6082
665-576-352,665-576-352
665-993-234,665-993-234
666-684-9851,666-684-9851
667-842-2097,667-842-2097
668-319-8089,668-319-8089
668-532-411,668-532-411
668-812-2264,668-812-2264
672-457-9606,672-457-9606
672-587-4449,672-587-4449
672-638-100,672-638-100
673-038-996,673-038-996
674-705-384,674-705-384
676-593-0383,676-593-0383
679-078-394,679-078-394
680-437-7206,680-437-7206
682-238-2075,682-238-2075
682-531-7180,682-531-7180
682-876-3755,682-876-3755
683-216-9937,683-216-9937
683-648-909,683-648-909
683-683-004,683-683-004
684-214-258,684-214-258
684-407-944,684-407-944
690-386-1404,690-386-1404
690-462-370,690-462-370
690-962-550,690-962-550
691-429-1799,691-429-1799
693-115-379,693-115-379
694-295-851,694-295-851
695-016-1934,695-016-1934
696-150-009,696-150-009
696-299-686,696-299-686
696-786-7196,696-786-7196
699-155-373,699-155-373
699-467-596,699-467-596
700-316-498,700-316-498
701-768-339,701-768-339
703-741-299,703-741-299
703-791-976,703-791-976
704-465-5320,704-465-5320
705-123-648,705-123-648
705-367-1169,705-367-1169
707-044-7251,707-044-7251
707-303-224,707-303-224
707-583-5225,707-583-5225
709-945-929,709-945-929
710-545-436,710-545-436
711-313-3863,711-313-3863
711-961-1895,711-961-1895
712-602-716,712-602-716
712-740-958,712-740-958
713-111-118,713-111-118
714-559-1359,714-559-1359
714-575-892,714-575-892
714-603-6574,714-603-6574
714-666-8438,714-666-8438
716-795-854,716-795-854
717-412-111,717-412-111
718-517-6352,718-517-6352
718-911-728,718-911-728
720-932-600,720-932-600
720-936-564,720-936-564
720-977-4453,720-977-4453
722-335-128,722-335-128
722-642-4911,722-642-4911
723-425-7060,723-425-7060
724-664-995,724-664-995
725-037-4732,725-037-4732
725-809-9220,725-809-9220
725-863-418,725-863-418
726-401-8308,726-401-8308
726-783-9204,726-783-9204
727-931-3744,727-931-3744
728-772-040,728-772-040
728-796-513,728-796-513
728-863-0713,728-863-0713
729-073-002,729-073-002
729-358-150,729-358-150
730-498-7073,730-498-7073
730-615-2591,730-615-2591
730-962-2177,730-962-2177
731-442-8348,731-442-8348
733-275-993,733-275-993
735-213-7074,735-213-7074
735-998-8354,735-998-8354
736-541-6306,736-541-6306
738-396-158,738-396-158
739-117-655,739-117-655
739-375-111,739-375-111
740-131-3849,740-131-3849
740-753-909,740-753-909
741-321-2020,741-321-2020
742-059-8166,742-059-8166
743-515-7140,743-515-7140
746-248-2765,746-248-2765
746-297-5814,746-297-5814
746-432-763,746-432-763
746-742-4424,746-742-4424
748-553-749,748-553-749
748-595-628,748-595-628
749-524-4159,749-524-4159
749-527-657,749-527-657
750-106-647,750-106-647
750-683-382,750-683-382
750-880-1388,750-880-1388
751-400-903,751-400-903
751-402-7060,751-402-7060
752-385-2291,752-385-2291
753-138-3611,753-138-3611
755-355-6839,755-355-6839
756-294-1285,756-294-1285
757-366-783,757-366-783
759-170-4145,759-170-4145
759-894-914,759-894-914
761-457-6931,761-457-6931
763-624-476,763-624-476
765-308-0062,765-308-0062
765-852-3609,765-852-3609
765-860-9861,765-860-9861
766-481-1999,766-481-1999
768-114-6382,768-114-6382
768-272-4659,768-272-4659
768-717-653,768-717-653
768-726-8639,768-726-8639
770-062-429,770-062-429
770-090-5759,770-090-5759
773-545-006,773-545-006
774-645-656,774-645-656
775-426-7562,775-426-7562
775-525-8315,775-525-8315
775-597-841,775-597-841
776-362-6736,776-362-6736
778-800-294,778-800-294
780-696-3808,780-696-3808
781-470-3242,781-470-3242
781-829-3764,781-829-3764
782-088-7517,782-088-7517
782-105-6160,782-105-6160
782-695-101,782-695-101
782-775-843,782-775-843
783-548-8564,783-548-8564
785-889-601,785-889-601
789-309-988,789-309-988
790-647-3351,790-647-3351
792-230-3519,792-230-3519
794-458-8461,794-458-8461
794-753-2374,794-753-2374
794-958-1625,794-958-1625
795-757-160,795-757-160
796-278-9238,796-278-9238
799-625-690,799-625-690
799-700-483,799-700-483
801-453-742,801-453-742
802-100-733,802-100-733
802-328-749,802-328-749
803-478-224,803-478-224
803-726-809,803-726-809
803-818-723,803-818-723
804-208-317,804-208-317
804-453-1463,804-453-1463
804-539-4074,804-539-4074
804-547-648,804-547-648
805-483-852,805-483-852
805-543-5924,805-543-5924
807-128-445,807-128-445
809-491-6799,809-491-6799
809-707-8593,809-707-8593
809-912-5203,809-912-5203
810-200-8642,810-200-8642
811-096-378,811-096-378
813-383-3415,813-383-3415
813-885-9957,813-885-9957
814-791-867,814-791-867
815-151-9364,815-151-9364
815-420-950,815-420-950
815-452-829,815-452-829
816-820-391,816-820-391
819-306-0003,819-306-0003
820-823-9171,820-823-9171
824-675-169,824-675-169
827-566-4427,827-566-4427
830-516-3543,830-516-3543
831-818-469,831-818-469
831-980-849,831-980-849
832-617-001,832-617-001
833-238-621,833-238-621
833-782-821,833-782-821
834-836-4056,834-836-4056
834-992-7116,834-992-7116
836-118-727,836-118-727
836-927-887,836-927-887
837-532-5078,837-532-5078
837-762-8254,837-762-8254
838-059-1671,838-059-1671
839-397-2023,839-397-2023
840-470-2953,840-470-2953
841-547-117,841-547-117
841-743-3182,841-743-3182
842-105-6140,842-105-6140
842-410-2671,842-410-2671
843-221-6923,843-221-6923
844-396-193,844-396-193
846-697-8721,846-697-8721
847-204-971,847-204-971
847-743-6891,847-743-6891
848-637-754,848-637-754
848-930-3141,848-930-3141
850-043-599,850-043-599
850-430-9389,850-430-9389
851-868-2103,851-868-2103
851-942-302,851-942-302
852-518-7184,852-518-7184
852-666-701,852-666-701
852-824-384,852-824-384
853-577-7963,853-577-7963
853-995-166,853-995-166
855-414-984,855-414-984
856-731-736,856-731-736
857-203-592,857-203-592
858-595-335,858-595-335
858-670-646,858-670-646
862-900-6931,862-900-6931
862-999-952,862-999-952
863-529-7264,863-529-7264
863-640-9614,863-640-9614
864-885-188,864-885-188
865-102-777,865-102-777
866-137-1123,866-137-1123
866-351-8517,866-351-8517
867-769-224,867-769-224
868-352-5989,868-352-5989
869-131-978,869-131-978
869-216-1170,869-216-1170
869-703-176,869-703-176
870-601-304,870-601-304
870-896-779,870-896-779
871-918-4031,871-918-4031
872-104-6794,872-104-6794
872-519-877,872-519-877
873-760-1742,873-760-1742
874-787-6208,874-787-6208
875-487-884,875-487-884
875-879-9857,875-879-9857
875-952-333,875-952-333
876-073-4162,876-073-4162
878-968-8965,878-968-8965
879-774-800,879-774-800
881-114-507,881-114-507
881-346-6651,881-346-6651
883-627-6945,883-627-6945
883-685-6612,883-685-6612
885-108-8796,885-108-8796
885-263-042,885-263-042
885-297-7344,885-297-7344
887-589-3918,887-589-3918
887-597-439,887-597-439
887-645-7562,887-645-7562
890-574-136,890-574-136
894-101-850,894-101-850
894-283-859,894-283-859
897-143-481,897-143-481
897-378-7989,897-378-7989
899-104-6528,899-104-6528
899-266-728,899-266-728
899-308-2528,899-308-2528
899-625-5035,899-625-5035
899-966-1857,899-966-1857
901-532-998,901-532-998
902-603-2380,902-603-2380
903-007-659,903-007-659
903-451-0536,903-451-0536
906-124-0423,906-124-0423
906-125-310,906-125-310
907-606-4683,907-606-4683
908-657-568,908-657-568
909-013-022,909-013-022
910-500-6629,910-500-6629
912-210-627,912-210-627
913-749-687,913-749-687
915-351-6670,915-351-6670
916-437-048,916-437-048
919-014-2386,919-014-2386
919-111-181,919-111-181
920-315-652,920-315-652
921-534-724,921-534-724
921-596-956,921-596-956
921-641-7174,921-641-7174
922-089-5593,922-089-5593
923-509-1214,923-509-1214
923-580-374,923-580-374
924-050-6459,924-050-6459
924-423-8733,924-423-8733
927-712-7709,927-712-7709
928-277-9668,928-277-9668
929-695-702,929-695-702
929-806-2529,929-806-2529
930-051-892,930-051-892
932-162-859,932-162-859
932-411-6655,932-411-6655
933-598-2025,933-598-2025
934-704-8106,934-704-8106
934-721-1224,934-721-1224
934-986-634,934-986-634
935-127-910,935-127-910
935-698-265,935-698-265
936-943-571,936-943-571
937-703-462,937-703-462
938-810-0193,938-810-0193
939-343-0918,939-343-0918
941-189-908,941-189-908
941-518-428,941-518-428
941-687-6557,941-687-6557
942-613-0989,942-613-0989
943-331-0128,943-331-0128
943-612-864,943-612-864
944-358-5444,944-358-5444
945-091-6027,945-091-6027
949-952-215,949-952-215
951-195-313,951-195-313
951-455-9720,951-455-9720
954-222-539,954-222-539
955-041-065,955-041-065
955-682-2723,955-682-2723
956-048-122,956-048-122
956-136-920,956-136-920
957-736-519,957-736-519
957-842-637,957-842-637
958-437-1592,958-437-1592
959-088-9940,959-088-9940
959-263-0941,959-263-0941
959-468-293,959-468-293
959-562-5151,959-562-5151
959-614-021,959-614-021
961-955-638,961-955-638
962-408-9298,962-408-9298
962-625-873,962-625-873
962-788-0798,962-788-0798
962-824-678,962-824-678
963-550-429,963-550-429
963-616-941,963-616-941
963-700-054,963-700-054
963-811-7816,963-811-7816
963-955-8185,963-955-8185
964-827-2392,964-827-2392
966-803-3789,966-803-3789
967-120-859,967-120-859
967-206-489,967-206-489
967-496-2570,967-496-2570
967-920-771,967-920-771
968-029-2880,968-029-2880
971-282-959,971-282-959
972-157-5376,972-157-5376
973-117-914,973-117-914
973-160-6805,973-160-6805
973-816-9223,973-816-9223
974-004-8773,974-004-8773
974-346-0403,974-346-0403
974-830-014,974-830-014
975-563-936,975-563-936
976-375-2028,976-375-2028
976-492-5252,976-492-5252
976-656-063,976-656-063
976-912-4497,976-912-4497
976-943-6384,976-943-6384
976-963-6975,976-963-6975
977-474-047,977-474-047
978-341-1719,978-341-1719
978-346-310,978-346-310
978-441-2590,978-441-2590
978-759-3882,978-759-3882
979-508-703,979-508-703
979-845-651,979-845-651
980-775-0551,980-775-0551
981-514-029,981-514-029
981-595-8998,981-595-8998
982-453-1765,982-453-1765
982-671-926,982-671-926
982-762-5256,982-762-5256
983-994-885,983-994-885
984-140-694,984-140-694
984-774-531,984-774-531
986-363-559,986-363-559
986-419-791,986-419-791
986-778-252,986-778-252
987-299-3854,987-299-3854
987-421-482,987-421-482
987-452-5241,987-452-5241
987-861-4472,987-861-4472
993-989-790,993-989-790
994-187-9848,994-187-9848
995-231-406,995-231-406
996-761-270,996-761-270
998-172-400,998-172-400
998-802-716,998-802-716
