transaction_id,bank_id,timestamp
100018,B10-0005297,2024-01-18T21:54:44
100082,B02-0004267,2024-01-18T22:10:35
100188,B94-0003765,2024-01-18T22:38:23
100246,B94-0003765,2024-01-18T22:53:28
100324,B02-0004267,2024-01-18T23:13:09
100455,B02-0004267,2024-01-18T23:48:20
100459,B10-0005297,2024-01-18T23:49:35
100487,B02-0004267,2024-01-18T23:57:13
100501,B10-0005297,2024-01-19T00:01:14
100570,B94-0003765,2024-01-19T00:17:26
100620,B02-0004267,2024-01-19T00:29:53
100638,B02-0004267,2024-01-19T00:34:01
100664,B02-0004267,2024-01-19T00:41:54
100786,B10-0005297,2024-01-19T01:12:34
100835,B94-0003765,2024-01-19T01:25:40
100857,B10-0005297,2024-01-19T01:31:37
100903,B10-0005297,2024-01-19T01:43:07
101108,B10-0005297,2024-01-19T02:35:20
101233,B10-0005297,2024-01-19T03:06:10
101253,B02-0004267,2024-01-19T03:11:05
101317,B10-0005297,2024-01-19T03:28:11
101639,B02-0004267,2024-01-19T04:48:10
101658,B10-0005297,2024-01-19T04:52:54
101749,B02-0004267,2024-01-19T05:16:19
101879,B10-0005297,2024-01-19T05:47:05
101951,B10-0005297,2024-01-19T06:04:44
101987,B10-0005297,2024-01-19T06:13:23
102113,B10-0005297,2024-01-19T06:44:34
102233,B10-0005297,2024-01-19T07:15:40
102275,B02-0004267,2024-01-19T07:26:51
102308,B94-0003765,2024-01-19T07:36:03
102441,B94-0003765,2024-01-19T08:10:09
102577,B10-0005297,2024-01-19T08:47:45
102803,B02-0004267,2024-01-19T09:47:41
102889,B02-0004267,2024-01-19T10:11:30
102947,B94-0003765,2024-01-19T10:29:34
103052,B02-0004267,2024-01-19T10:56:57
103097,B94-0003765,2024-01-19T11:10:16
103271,B02-0004267,2024-01-19T11:56:42
103435,B10-0005297,2024-01-19T12:38:06
103691,B02-0004267,2024-01-19T13:43:01
103820,B02-0004267,2024-01-19T14:14:38
103847,B94-0003765,2024-01-19T14:21:06
103957,B10-0005297,2024-01-19T14:49:44
104034,B02-0004267,2024-01-19T15:08:00
104044,B02-0004267,2024-01-19T15:10:51
104118,B02-0004267,2024-01-19T15:29:51
104186,B94-0003765,2024-01-19T15:48:24
104221,B10-0005297,2024-01-19T15:58:05
104304,B10-0005297,2024-01-19T16:19:31
104336,B02-0004267,2024-01-19T16:26:49
104420,B02-0004267,2024-01-19T16:47:35
104422,B02-0004267,2024-01-19T16:48:08
104567,B10-0005297,2024-01-19T17:24:19
104568,B10-0005297,2024-01-19T17:24:35
104569,B10-0005297,2024-01-19T17:24:37
104660,B02-0004267,2024-01-19T17:48:01
104668,B02-0004267,2024-01-19T17:49:46
104692,B02-0004267,2024-01-19T17:56:03
104830,B94-0003765,2024-01-19T18:32:37
104856,B10-0005297,2024-01-19T18:40:19
104885,B94-0003765,2024-01-19T18:47:40
104959,B02-0004267,2024-01-19T19:07:36
104966,B94-0003765,2024-01-19T19:09:05
105035,B02-0004267,2024-01-19T19:25:28
105066,B10-0005297,2024-01-19T19:32:49
105133,B94-0003765,2024-01-19T19:50:52
105169,B10-0005297,2024-01-19T19:59:40
105287,B94-0003765,2024-01-19T20:30:03
105288,B94-0003765,2024-01-19T20:30:33
105612,B94-0003765,2024-01-19T21:54:05
105670,B10-0005297,2024-01-19T22:08:01
105716,B02-0004267,2024-01-19T22:19:53
105754,B94-0003765,2024-01-19T22:28:50
105783,B10-0005297,2024-01-19T22:37:03
105816,B10-0005297,2024-01-19T22:46:41
106086,B94-0003765,2024-01-19T23:55:52
106108,B02-0004267,2024-01-20T00:00:39
106164,B10-0005297,2024-01-20T00:14:46
106213,B02-0004267,2024-01-20T00:26:36
106319,B94-0003765,2024-01-20T00:52:23
106561,B02-0004267,2024-01-20T01:54:55
106707,B94-0003765,2024-01-20T02:33:15
106716,B94-0003765,2024-01-20T02:35:33
106784,B10-0005297,2024-01-20T02:53:41
106862,B94-0003765,2024-01-20T03:13:20
106903,B94-0003765,2024-01-20T03:21:56
107003,B02-0004267,2024-01-20T03:48:12
107010,B02-0004267,2024-01-20T03:50:45
107055,B02-0004267,2024-01-20T04:01:52
107094,B10-0005297,2024-01-20T04:11:50
107104,B02-0004267,2024-01-20T04:15:04
107189,B94-0003765,2024-01-20T04:36:49
107195,B94-0003765,2024-01-20T04:38:33
107197,B94-0003765,2024-01-20T04:39:21
107329,B94-0003765,2024-01-20T05:15:54
107330,B94-0003765,2024-01-20T05:16:03
107395,B10-0005297,2024-01-20T05:32:57
107421,B10-0005297,2024-01-20T05:39:27
107428,B94-0003765,2024-01-20T05:41:56
107548,B10-0005297,2024-01-20T06:11:03
107583,B94-0003765,2024-01-20T06:20:45
107732,B02-0004267,2024-01-20T07:01:11
107745,B02-0004267,2024-01-20T07:04:34
107748,B02-0004267,2024-01-20T07:04:52
107778,B10-0005297,2024-01-20T07:14:14
108099,B02-0004267,2024-01-20T08:41:11
10810,B94-0003765,2024-01-02T22:33:14
10813,B94-0003765,2024-01-02T22:34:09
108131,B10-0005297,2024-01-20T08:49:34
108178,B94-0003765,2024-01-20T09:01:52
108226,B02-0004267,2024-01-20T09:14:24
108305,B94-0003765,2024-01-20T09:34:42
108325,B02-0004267,2024-01-20T09:39:44
108346,B94-0003765,2024-01-20T09:45:34
108410,B94-0003765,2024-01-20T10:03:12
108485,B10-0005297,2024-01-20T10:23:19
108704,B10-0005297,2024-01-20T11:15:29
108721,B02-0004267,2024-01-20T11:20:03
108797,B02-0004267,2024-01-20T11:40:09
108812,B10-0005297,2024-01-20T11:44:29
109187,B94-0003765,2024-01-20T13:23:32
109247,B94-0003765,2024-01-20T13:37:56
109535,B10-0005297,2024-01-20T14:51:52
109536,B10-0005297,2024-01-20T14:52:09
109538,B10-0005297,2024-01-20T14:52:40
109539,B10-0005297,2024-01-20T14:52:47
109565,B02-0004267,2024-01-20T15:01:02
109616,B94-0003765,2024-01-20T15:13:43
109639,B94-0003765,2024-01-20T15:19:43
109713,B10-0005297,2024-01-20T15:37:17
109827,B02-0004267,2024-01-20T16:07:11
109833,B02-0004267,2024-01-20T16:08:49
109898,B94-0003765,2024-01-20T16:26:04
109925,B10-0005297,2024-01-20T16:32:09
109984,B10-0005297,2024-01-20T16:48:21
109999,B10-0005297,2024-01-20T16:53:05
110055,B10-0005297,2024-01-20T17:09:04
110136,B94-0003765,2024-01-20T17:30:44
110144,B94-0003765,2024-01-20T17:31:55
110159,B94-0003765,2024-01-20T17:36:45
110266,B02-0004267,2024-01-20T18:04:30
110478,B94-0003765,2024-01-20T18:58:13
110492,B02-0004267,2024-01-20T19:02:06
110512,B94-0003765,2024-01-20T19:06:52
110572,B10-0005297,2024-01-20T19:21:38
110578,B94-0003765,2024-01-20T19:22:52
110800,B02-0004267,2024-01-20T20:18:27
110915,B94-0003765,2024-01-20T20:46:44
110918,B94-0003765,2024-01-20T20:47:26
110919,B94-0003765,2024-01-20T20:47:46
111037,B10-0005297,2024-01-20T21:15:11
111207,B02-0004267,2024-01-20T21:58:24
111211,B94-0003765,2024-01-20T21:59:38
111356,B94-0003765,2024-01-20T22:37:01
111441,B10-0005297,2024-01-20T23:02:07
111487,B10-0005297,2024-01-20T23:13:25
111488,B10-0005297,2024-01-20T23:13:45
111735,B02-0004267,2024-01-21T00:15:37
111740,B02-0004267,2024-01-21T00:16:48
111777,B02-0004267,2024-01-21T00:25:14
111900,B94-0003765,2024-01-21T00:57:08
111901,B94-0003765,2024-01-21T00:57:24
111979,B94-0003765,2024-01-21T01:16:47
112003,B10-0005297,2024-01-21T01:21:23
112013,B94-0003765,2024-01-21T01:23:56
112155,B94-0003765,2024-01-21T02:00:26
112171,B02-0004267,2024-01-21T02:05:05
11218,B10-0005297,2024-01-03T00:19:02
112227,B02-0004267,2024-01-21T02:18:39
112271,B02-0004267,2024-01-21T02:29:44
112302,B10-0005297,2024-01-21T02:37:30
112423,B10-0005297,2024-01-21T03:06:04
112471,B02-0004267,2024-01-21T03:17:18
112514,B02-0004267,2024-01-21T03:29:17
112610,B94-0003765,2024-01-21T03:54:46
112621,B10-0005297,2024-01-21T03:57:38
112643,B94-0003765,2024-01-21T04:03:20
112678,B94-0003765,2024-01-21T04:13:14
112728,B02-0004267,2024-01-21T04:25:39
112792,B94-0003765,2024-01-21T04:40:28
112872,B10-0005297,2024-01-21T04:59:54
113037,B02-0004267,2024-01-21T05:40:36
113119,B02-0004267,2024-01-21T06:01:38
113203,B94-0003765,2024-01-21T06:22:04
113237,B94-0003765,2024-01-21T06:30:45
113510,B10-0005297,2024-01-21T07:41:29
113528,B10-0005297,2024-01-21T07:46:55
11358,B02-0004267,2024-01-03T00:54:34
11360,B02-0004267,2024-01-03T00:54:44
113617,B02-0004267,2024-01-21T08:11:16
113640,B94-0003765,2024-01-21T08:16:19
11370,B94-0003765,2024-01-03T00:57:22
11371,B94-0003765,2024-01-03T00:57:45
113720,B10-0005297,2024-01-21T08:36:51
113734,B02-0004267,2024-01-21T08:39:30
114104,B02-0004267,2024-01-21T10:15:46
114210,B94-0003765,2024-01-21T10:43:24
114341,B02-0004267,2024-01-21T11:16:26
114385,B94-0003765,2024-01-21T11:28:14
114625,B94-0003765,2024-01-21T12:30:13
114627,B02-0004267,2024-01-21T12:30:58
114648,B10-0005297,2024-01-21T12:35:19
114670,B94-0003765,2024-01-21T12:41:17
114843,B94-0003765,2024-01-21T13:26:14
114846,B94-0003765,2024-01-21T13:27:13
114856,B10-0005297,2024-01-21T13:29:14
114979,B94-0003765,2024-01-21T13:56:09
114980,B94-0003765,2024-01-21T13:56:34
114982,B94-0003765,2024-01-21T13:57:04
115097,B02-0004267,2024-01-21T14:27:19
115365,B94-0003765,2024-01-21T15:39:26
115527,B10-0005297,2024-01-21T16:22:14
115668,B02-0004267,2024-01-21T16:57:23
115669,B02-0004267,2024-01-21T16:57:27
11567,B02-0004267,2024-01-03T01:46:57
11570,B02-0004267,2024-01-03T01:47:21
11571,B02-0004267,2024-01-03T01:47:36
115861,B10-0005297,2024-01-21T17:46:17
115941,B94-0003765,2024-01-21T18:06:22
115949,B02-0004267,2024-01-21T18:08:32
115982,B94-0003765,2024-01-21T18:17:15
116048,B94-0003765,2024-01-21T18:36:47
116140,B02-0004267,2024-01-21T19:00:13
116144,B02-0004267,2024-01-21T19:01:04
116158,B10-0005297,2024-01-21T19:05:32
116205,B02-0004267,2024-01-21T19:19:00
116245,B02-0004267,2024-01-21T19:29:28
116327,B94-0003765,2024-01-21T19:47:43
116366,B94-0003765,2024-01-21T19:57:01
116370,B94-0003765,2024-01-21T19:58:08
116407,B10-0005297,2024-01-21T20:06:29
11663,B02-0004267,2024-01-03T02:11:56
116695,B02-0004267,2024-01-21T21:19:06
116737,B94-0003765,2024-01-21T21:30:47
116759,B10-0005297,2024-01-21T21:36:21
1168,B02-0004267,2024-01-01T05:05:44
116895,B02-0004267,2024-01-21T22:11:00
117052,B10-0005297,2024-01-21T22:49:20
117188,B94-0003765,2024-01-21T23:23:34
117193,B10-0005297,2024-01-21T23:24:30
117219,B02-0004267,2024-01-21T23:32:00
117310,B02-0004267,2024-01-21T23:56:37
117684,B10-0005297,2024-01-22T01:32:34
117877,B94-0003765,2024-01-22T02:22:46
118090,B94-0003765,2024-01-22T03:16:11
118173,B02-0004267,2024-01-22T03:37:46
118174,B02-0004267,2024-01-22T03:38:05
118182,B94-0003765,2024-01-22T03:40:41
118220,B02-0004267,2024-01-22T03:49:29
118278,B94-0003765,2024-01-22T04:04:50
118375,B02-0004267,2024-01-22T04:29:32
118381,B94-0003765,2024-01-22T04:31:23
118430,B94-0003765,2024-01-22T04:43:47
118450,B02-0004267,2024-01-22T04:48:43
118451,B02-0004267,2024-01-22T04:49:13
118515,B10-0005297,2024-01-22T05:06:15
118743,B10-0005297,2024-01-22T06:01:14
118770,B10-0005297,2024-01-22T06:08:09
119024,B94-0003765,2024-01-22T07:10:28
119102,B10-0005297,2024-01-22T07:30:02
119149,B94-0003765,2024-01-22T07:40:44
119352,B10-0005297,2024-01-22T08:32:25
119402,B94-0003765,2024-01-22T08:45:46
119596,B10-0005297,2024-01-22T09:35:07
119675,B10-0005297,2024-01-22T09:56:07
119693,B94-0003765,2024-01-22T09:59:56
119729,B02-0004267,2024-01-22T10:10:15
119817,B10-0005297,2024-01-22T10:34:18
119943,B94-0003765,2024-01-22T11:07:42
120024,B02-0004267,2024-01-22T11:31:32
120089,B10-0005297,2024-01-22T11:49:05
120170,B94-0003765,2024-01-22T12:08:07
120290,B10-0005297,2024-01-22T12:39:19
120331,B10-0005297,2024-01-22T12:50:31
120408,B02-0004267,2024-01-22T13:08:11
120416,B94-0003765,2024-01-22T13:10:48
120626,B10-0005297,2024-01-22T14:03:49
120640,B94-0003765,2024-01-22T14:06:49
120641,B10-0005297,2024-01-22T14:07:00
120785,B02-0004267,2024-01-22T14:42:52
120835,B02-0004267,2024-01-22T14:56:39
120859,B02-0004267,2024-01-22T15:03:44
120895,B10-0005297,2024-01-22T15:13:53
120934,B94-0003765,2024-01-22T15:22:53
12094,B94-0003765,2024-01-03T04:02:27
121034,B94-0003765,2024-01-22T15:50:20
121074,B94-0003765,2024-01-22T16:00:13
121176,B10-0005297,2024-01-22T16:26:51
121378,B94-0003765,2024-01-22T17:16:52
121406,B10-0005297,2024-01-22T17:23:18
121409,B10-0005297,2024-01-22T17:23:52
121442,B94-0003765,2024-01-22T17:31:58
121458,B94-0003765,2024-01-22T17:34:59
121478,B10-0005297,2024-01-22T17:41:17
121554,B10-0005297,2024-01-22T18:00:43
121642,B10-0005297,2024-01-22T18:23:53
121687,B94-0003765,2024-01-22T18:36:12
121733,B94-0003765,2024-01-22T18:48:27
121749,B10-0005297,2024-01-22T18:52:32
121948,B94-0003765,2024-01-22T19:41:04
122103,B10-0005297,2024-01-22T20:24:10
122204,B02-0004267,2024-01-22T20:49:23
122275,B10-0005297,2024-01-22T21:10:42
122328,B94-0003765,2024-01-22T21:22:11
122331,B94-0003765,2024-01-22T21:22:57
122408,B10-0005297,2024-01-22T21:43:12
122428,B10-0005297,2024-01-22T21:49:55
122511,B02-0004267,2024-01-22T22:13:31
122540,B94-0003765,2024-01-22T22:22:40
122549,B02-0004267,2024-01-22T22:24:50
122697,B10-0005297,2024-01-22T23:02:16
122742,B02-0004267,2024-01-22T23:12:48
122869,B02-0004267,2024-01-22T23:45:05
122895,B10-0005297,2024-01-22T23:51:07
12290,B94-0003765,2024-01-03T04:52:44
122915,B94-0003765,2024-01-22T23:56:17
123197,B10-0005297,2024-01-23T01:08:54
123318,B94-0003765,2024-01-23T01:40:51
123396,B10-0005297,2024-01-23T02:00:32
123405,B02-0004267,2024-01-23T02:02:43
123449,B10-0005297,2024-01-23T02:14:19
123482,B10-0005297,2024-01-23T02:22:42
12350,B02-0004267,2024-01-03T05:09:14
123525,B02-0004267,2024-01-23T02:34:35
123530,B94-0003765,2024-01-23T02:35:46
123534,B02-0004267,2024-01-23T02:37:05
12359,B10-0005297,2024-01-03T05:11:13
123627,B10-0005297,2024-01-23T03:02:25
123628,B10-0005297,2024-01-23T03:02:43
123763,B94-0003765,2024-01-23T03:39:33
123785,B94-0003765,2024-01-23T03:45:39
123972,B02-0004267,2024-01-23T04:35:01
123989,B10-0005297,2024-01-23T04:39:19
124035,B94-0003765,2024-01-23T04:50:59
124124,B94-0003765,2024-01-23T05:14:16
124190,B02-0004267,2024-01-23T05:32:06
124320,B02-0004267,2024-01-23T06:03:05
124819,B02-0004267,2024-01-23T08:19:15
124837,B94-0003765,2024-01-23T08:23:44
124913,B10-0005297,2024-01-23T08:44:06
124916,B10-0005297,2024-01-23T08:44:39
124917,B10-0005297,2024-01-23T08:44:44
124932,B10-0005297,2024-01-23T08:48:43
124985,B94-0003765,2024-01-23T09:03:17
124996,B94-0003765,2024-01-23T09:05:27
125020,B94-0003765,2024-01-23T09:10:54
125050,B02-0004267,2024-01-23T09:20:04
12527,B94-0003765,2024-01-03T05:56:37
125477,B94-0003765,2024-01-23T11:13:26
125478,B10-0005297,2024-01-23T11:13:55
125479,B02-0004267,2024-01-23T11:14:09
125523,B10-0005297,2024-01-23T11:25:46
125555,B10-0005297,2024-01-23T11:35:02
125629,B10-0005297,2024-01-23T11:51:10
125708,B94-0003765,2024-01-23T12:11:39
125804,B10-0005297,2024-01-23T12:37:47
125806,B02-0004267,2024-01-23T12:38:30
125872,B94-0003765,2024-01-23T12:56:29
125913,B94-0003765,2024-01-23T13:08:23
126004,B10-0005297,2024-01-23T13:32:51
126083,B94-0003765,2024-01-23T13:51:28
126219,B94-0003765,2024-01-23T14:25:32
126271,B02-0004267,2024-01-23T14:37:31
126284,B94-0003765,2024-01-23T14:41:32
126407,B10-0005297,2024-01-23T15:13:00
12644,B94-0003765,2024-01-03T06:28:14
126443,B02-0004267,2024-01-23T15:22:17
126560,B94-0003765,2024-01-23T15:50:53
126575,B94-0003765,2024-01-23T15:54:30
126695,B10-0005297,2024-01-23T16:25:44
126754,B94-0003765,2024-01-23T16:41:13
126899,B10-0005297,2024-01-23T17:19:36
126903,B10-0005297,2024-01-23T17:20:17
12693,B94-0003765,2024-01-03T06:39:41
12694,B94-0003765,2024-01-03T06:40:02
126940,B10-0005297,2024-01-23T17:29:39
127032,B02-0004267,2024-01-23T17:51:57
127135,B10-0005297,2024-01-23T18:17:52
127493,B94-0003765,2024-01-23T19:47:10
127635,B10-0005297,2024-01-23T20:25:16
127640,B94-0003765,2024-01-23T20:26:43
127642,B10-0005297,2024-01-23T20:27:22
127760,B94-0003765,2024-01-23T21:00:17
127764,B02-0004267,2024-01-23T21:01:19
127799,B10-0005297,2024-01-23T21:08:28
127801,B94-0003765,2024-01-23T21:08:55
127824,B94-0003765,2024-01-23T21:13:36
127851,B10-0005297,2024-01-23T21:21:36
127941,B94-0003765,2024-01-23T21:44:53
127971,B10-0005297,2024-01-23T21:51:37
128254,B10-0005297,2024-01-23T23:07:32
128294,B02-0004267,2024-01-23T23:18:31
128609,B10-0005297,2024-01-24T00:39:18
128684,B94-0003765,2024-01-24T00:58:28
128772,B10-0005297,2024-01-24T01:20:56
128774,B10-0005297,2024-01-24T01:21:21
128835,B10-0005297,2024-01-24T01:35:23
128865,B94-0003765,2024-01-24T01:43:59
129020,B02-0004267,2024-01-24T02:24:13
129042,B02-0004267,2024-01-24T02:28:26
129063,B94-0003765,2024-01-24T02:33:36
129105,B02-0004267,2024-01-24T02:42:53
129127,B94-0003765,2024-01-24T02:49:26
129264,B94-0003765,2024-01-24T03:23:47
129290,B10-0005297,2024-01-24T03:30:57
129323,B02-0004267,2024-01-24T03:40:19
129427,B10-0005297,2024-01-24T04:04:42
129596,B10-0005297,2024-01-24T04:48:40
129606,B94-0003765,2024-01-24T04:51:36
129616,B10-0005297,2024-01-24T04:53:57
129700,B10-0005297,2024-01-24T05:14:47
129836,B02-0004267,2024-01-24T05:50:34
130059,B10-0005297,2024-01-24T06:48:35
130091,B94-0003765,2024-01-24T06:56:51
130168,B10-0005297,2024-01-24T07:17:35
130180,B94-0003765,2024-01-24T07:20:49
130256,B94-0003765,2024-01-24T07:40:08
13030,B10-0005297,2024-01-03T08:08:30
130401,B94-0003765,2024-01-24T08:17:33
130416,B94-0003765,2024-01-24T08:21:14
130436,B02-0004267,2024-01-24T08:26:35
130548,B94-0003765,2024-01-24T08:56:58
130705,B10-0005297,2024-01-24T09:36:55
130730,B10-0005297,2024-01-24T09:44:08
130800,B94-0003765,2024-01-24T10:01:28
130861,B94-0003765,2024-01-24T10:19:03
130961,B10-0005297,2024-01-24T10:45:37
131170,B94-0003765,2024-01-24T11:41:34
131208,B94-0003765,2024-01-24T11:52:17
131251,B10-0005297,2024-01-24T12:05:42
131336,B02-0004267,2024-01-24T12:28:21
131747,B02-0004267,2024-01-24T14:12:14
131759,B10-0005297,2024-01-24T14:14:28
131817,B10-0005297,2024-01-24T14:31:03
131944,B02-0004267,2024-01-24T15:00:59
131996,B02-0004267,2024-01-24T15:15:00
132011,B94-0003765,2024-01-24T15:19:40
132012,B94-0003765,2024-01-24T15:20:05
132120,B02-0004267,2024-01-24T15:45:33
132211,B94-0003765,2024-01-24T16:09:33
132217,B94-0003765,2024-01-24T16:11:21
132272,B02-0004267,2024-01-24T16:26:43
132316,B02-0004267,2024-01-24T16:39:38
132329,B10-0005297,2024-01-24T16:42:08
132330,B10-0005297,2024-01-24T16:42:37
132348,B10-0005297,2024-01-24T16:47:47
132352,B10-0005297,2024-01-24T16:49:09
132353,B10-0005297,2024-01-24T16:49:34
13239,B10-0005297,2024-01-03T09:05:36
132461,B02-0004267,2024-01-24T17:17:59
132885,B94-0003765,2024-01-24T19:09:56
132905,B94-0003765,2024-01-24T19:15:43
132978,B02-0004267,2024-01-24T19:36:31
133000,B10-0005297,2024-01-24T19:42:51
133236,B94-0003765,2024-01-24T20:42:37
13338,B02-0004267,2024-01-03T09:32:08
133413,B94-0003765,2024-01-24T21:29:09
133424,B94-0003765,2024-01-24T21:31:33
133584,B02-0004267,2024-01-24T22:13:22
133759,B02-0004267,2024-01-24T22:56:18
133876,B10-0005297,2024-01-24T23:30:25
133955,B02-0004267,2024-01-24T23:51:22
133991,B02-0004267,2024-01-25T00:00:31
133992,B02-0004267,2024-01-25T00:00:53
13400,B02-0004267,2024-01-03T09:48:33
134024,B94-0003765,2024-01-25T00:09:29
134085,B02-0004267,2024-01-25T00:25:35
134180,B02-0004267,2024-01-25T00:50:41
134352,B10-0005297,2024-01-25T01:35:36
134360,B94-0003765,2024-01-25T01:37:46
134478,B02-0004267,2024-01-25T02:06:19
134507,B94-0003765,2024-01-25T02:14:15
134513,B10-0005297,2024-01-25T02:15:49
134534,B10-0005297,2024-01-25T02:19:58
134536,B10-0005297,2024-01-25T02:20:38
134700,B94-0003765,2024-01-25T03:03:15
134778,B94-0003765,2024-01-25T03:24:28
13484,B94-0003765,2024-01-03T10:07:58
134841,B10-0005297,2024-01-25T03:41:40
134877,B10-0005297,2024-01-25T03:51:46
13492,B94-0003765,2024-01-03T10:09:24
135163,B10-0005297,2024-01-25T05:07:35
135370,B10-0005297,2024-01-25T06:03:08
135430,B02-0004267,2024-01-25T06:17:49
135559,B94-0003765,2024-01-25T06:51:44
135825,B10-0005297,2024-01-25T08:01:52
135827,B10-0005297,2024-01-25T08:02:27
135828,B10-0005297,2024-01-25T08:02:41
135887,B10-0005297,2024-01-25T08:16:36
13594,B02-0004267,2024-01-03T10:34:57
135950,B02-0004267,2024-01-25T08:33:24
135991,B10-0005297,2024-01-25T08:45:26
136008,B10-0005297,2024-01-25T08:49:11
136022,B94-0003765,2024-01-25T08:52:57
136029,B10-0005297,2024-01-25T08:54:37
136043,B10-0005297,2024-01-25T08:58:08
136070,B10-0005297,2024-01-25T09:05:59
136179,B94-0003765,2024-01-25T09:37:03
136255,B02-0004267,2024-01-25T09:54:24
136307,B10-0005297,2024-01-25T10:09:02
136309,B02-0004267,2024-01-25T10:09:47
136395,B94-0003765,2024-01-25T10:31:35
136420,B94-0003765,2024-01-25T10:37:27
136466,B94-0003765,2024-01-25T10:49:26
136492,B02-0004267,2024-01-25T10:56:08
136681,B02-0004267,2024-01-25T11:47:30
136806,B10-0005297,2024-01-25T12:18:48
136982,B02-0004267,2024-01-25T13:04:16
137005,B10-0005297,2024-01-25T13:11:12
137012,B02-0004267,2024-01-25T13:12:44
137023,B94-0003765,2024-01-25T13:15:16
137078,B02-0004267,2024-01-25T13:28:48
13716,B02-0004267,2024-01-03T11:05:52
137229,B10-0005297,2024-01-25T14:06:07
137280,B10-0005297,2024-01-25T14:19:07
137318,B10-0005297,2024-01-25T14:29:27
137426,B02-0004267,2024-01-25T14:55:17
137510,B94-0003765,2024-01-25T15:17:14
137568,B02-0004267,2024-01-25T15:33:44
137791,B94-0003765,2024-01-25T16:34:10
137877,B02-0004267,2024-01-25T16:57:24
137878,B02-0004267,2024-01-25T16:57:54
137936,B94-0003765,2024-01-25T17:14:05
137974,B02-0004267,2024-01-25T17:24:58
138020,B94-0003765,2024-01-25T17:36:36
138173,B02-0004267,2024-01-25T18:14:13
138219,B94-0003765,2024-01-25T18:28:07
138230,B94-0003765,2024-01-25T18:30:55
138357,B02-0004267,2024-01-25T19:05:24
138392,B02-0004267,2024-01-25T19:16:18
138479,B02-0004267,2024-01-25T19:37:52
138592,B94-0003765,2024-01-25T20:06:01
138593,B94-0003765,2024-01-25T20:06:22
138641,B94-0003765,2024-01-25T20:18:13
138697,B94-0003765,2024-01-25T20:33:20
138909,B10-0005297,2024-01-25T21:30:39
139012,B10-0005297,2024-01-25T21:57:10
139013,B10-0005297,2024-01-25T21:57:33
139014,B10-0005297,2024-01-25T21:57:51
139015,B10-0005297,2024-01-25T21:58:17
139058,B10-0005297,2024-01-25T22:08:27
139105,B10-0005297,2024-01-25T22:22:10
139171,B10-0005297,2024-01-25T22:39:49
139269,B02-0004267,2024-01-25T23:03:51
139389,B10-0005297,2024-01-25T23:35:32
139401,B10-0005297,2024-01-25T23:38:42
139682,B10-0005297,2024-01-26T00:52:07
139706,B94-0003765,2024-01-26T00:58:25
139723,B94-0003765,2024-01-26T01:01:55
139783,B94-0003765,2024-01-26T01:17:53
139786,B94-0003765,2024-01-26T01:18:23
139845,B94-0003765,2024-01-26T01:34:59
139912,B94-0003765,2024-01-26T01:50:54
140110,B02-0004267,2024-01-26T02:42:51
140111,B02-0004267,2024-01-26T02:43:09
140161,B94-0003765,2024-01-26T02:55:00
140177,B02-0004267,2024-01-26T02:59:10
140179,B02-0004267,2024-01-26T02:59:47
140221,B02-0004267,2024-01-26T03:10:05
140248,B02-0004267,2024-01-26T03:16:05
140336,B10-0005297,2024-01-26T03:41:39
140356,B94-0003765,2024-01-26T03:46:29
140358,B94-0003765,2024-01-26T03:47:04
140377,B94-0003765,2024-01-26T03:52:33
140428,B10-0005297,2024-01-26T04:07:33
140448,B10-0005297,2024-01-26T04:13:08
140473,B10-0005297,2024-01-26T04:17:55
140474,B10-0005297,2024-01-26T04:18:01
140530,B02-0004267,2024-01-26T04:34:25
140531,B02-0004267,2024-01-26T04:34:27
140639,B94-0003765,2024-01-26T05:02:50
140654,B02-0004267,2024-01-26T05:07:02
140962,B02-0004267,2024-01-26T06:24:27
141087,B10-0005297,2024-01-26T06:57:08
141209,B94-0003765,2024-01-26T07:29:20
141386,B94-0003765,2024-01-26T08:16:54
141421,B94-0003765,2024-01-26T08:26:42
141425,B02-0004267,2024-01-26T08:27:54
141426,B02-0004267,2024-01-26T08:28:21
141565,B10-0005297,2024-01-26T09:05:45
141600,B94-0003765,2024-01-26T09:15:05
141602,B94-0003765,2024-01-26T09:15:51
141640,B94-0003765,2024-01-26T09:26:37
141790,B10-0005297,2024-01-26T10:07:38
141865,B02-0004267,2024-01-26T10:26:41
141887,B10-0005297,2024-01-26T10:31:46
141940,B94-0003765,2024-01-26T10:43:52
142071,B10-0005297,2024-01-26T11:21:31
142234,B02-0004267,2024-01-26T12:05:43
142313,B02-0004267,2024-01-26T12:26:03
14243,B10-0005297,2024-01-03T13:22:01
142438,B94-0003765,2024-01-26T12:58:38
142574,B94-0003765,2024-01-26T13:37:23
14267,B94-0003765,2024-01-03T13:28:54
142785,B94-0003765,2024-01-26T14:31:36
142788,B94-0003765,2024-01-26T14:32:11
142853,B10-0005297,2024-01-26T14:48:39
143045,B10-0005297,2024-01-26T15:40:50
143046,B10-0005297,2024-01-26T15:41:12
143334,B10-0005297,2024-01-26T16:54:33
143510,B94-0003765,2024-01-26T17:39:02
143659,B10-0005297,2024-01-26T18:16:09
143700,B94-0003765,2024-01-26T18:24:43
143713,B94-0003765,2024-01-26T18:28:08
143910,B10-0005297,2024-01-26T19:23:47
144,B02-0004267,2024-01-01T00:36:50
144037,B02-0004267,2024-01-26T19:52:46
144168,B02-0004267,2024-01-26T20:27:44
144187,B94-0003765,2024-01-26T20:32:15
144275,B94-0003765,2024-01-26T20:56:27
144313,B10-0005297,2024-01-26T21:06:30
144596,B02-0004267,2024-01-26T22:22:06
144702,B02-0004267,2024-01-26T22:49:28
144733,B10-0005297,2024-01-26T22:57:38
144816,B94-0003765,2024-01-26T23:19:23
144861,B02-0004267,2024-01-26T23:31:12
144870,B10-0005297,2024-01-26T23:33:45
144875,B02-0004267,2024-01-26T23:35:04
144984,B10-0005297,2024-01-27T00:01:58
145075,B02-0004267,2024-01-27T00:25:34
145242,B94-0003765,2024-01-27T01:09:47
145252,B94-0003765,2024-01-27T01:12:21
145300,B94-0003765,2024-01-27T01:26:43
145319,B02-0004267,2024-01-27T01:31:59
145346,B94-0003765,2024-01-27T01:40:12
145347,B02-0004267,2024-01-27T01:40:41
145408,B10-0005297,2024-01-27T01:56:35
145555,B94-0003765,2024-01-27T02:35:01
145586,B10-0005297,2024-01-27T02:43:53
145655,B02-0004267,2024-01-27T03:01:59
145664,B10-0005297,2024-01-27T03:04:01
145676,B94-0003765,2024-01-27T03:06:31
145678,B10-0005297,2024-01-27T03:07:17
145744,B94-0003765,2024-01-27T03:25:10
145799,B94-0003765,2024-01-27T03:40:56
145881,B02-0004267,2024-01-27T04:02:35
145932,B94-0003765,2024-01-27T04:15:07
145972,B94-0003765,2024-01-27T04:26:11
145979,B02-0004267,2024-01-27T04:27:35
146002,B10-0005297,2024-01-27T04:33:51
146139,B94-0003765,2024-01-27T05:08:07
146163,B02-0004267,2024-01-27T05:14:37
146165,B94-0003765,2024-01-27T05:15:14
146188,B94-0003765,2024-01-27T05:20:25
146219,B94-0003765,2024-01-27T05:26:57
146438,B02-0004267,2024-01-27T06:21:18
146556,B10-0005297,2024-01-27T06:52:10
146578,B94-0003765,2024-01-27T06:57:00
146588,B02-0004267,2024-01-27T06:58:54
146732,B02-0004267,2024-01-27T07:38:19
146836,B10-0005297,2024-01-27T08:04:51
146846,B10-0005297,2024-01-27T08:07:11
146901,B10-0005297,2024-01-27T08:21:01
147061,B94-0003765,2024-01-27T09:02:15
147110,B94-0003765,2024-01-27T09:13:56
147185,B02-0004267,2024-01-27T09:31:57
147211,B94-0003765,2024-01-27T09:38:21
147322,B02-0004267,2024-01-27T10:09:14
147353,B02-0004267,2024-01-27T10:18:15
147393,B10-0005297,2024-01-27T10:29:46
147404,B94-0003765,2024-01-27T10:32:56
147407,B10-0005297,2024-01-27T10:33:41
147743,B10-0005297,2024-01-27T12:03:51
14775,B94-0003765,2024-01-03T15:44:16
147833,B94-0003765,2024-01-27T12:29:09
147884,B02-0004267,2024-01-27T12:43:35
14792,B10-0005297,2024-01-03T15:48:57
147994,B10-0005297,2024-01-27T13:11:29
148009,B94-0003765,2024-01-27T13:15:14
148053,B02-0004267,2024-01-27T13:25:47
148146,B10-0005297,2024-01-27T13:50:09
148150,B10-0005297,2024-01-27T13:51:05
148207,B94-0003765,2024-01-27T14:06:07
148208,B02-0004267,2024-01-27T14:06:17
14851,B02-0004267,2024-01-03T16:03:58
148622,B10-0005297,2024-01-27T15:54:15
148649,B94-0003765,2024-01-27T16:00:51
148664,B10-0005297,2024-01-27T16:05:19
148918,B10-0005297,2024-01-27T17:05:05
148955,B02-0004267,2024-01-27T17:14:26
149039,B94-0003765,2024-01-27T17:37:30
149073,B10-0005297,2024-01-27T17:45:26
149131,B02-0004267,2024-01-27T18:01:05
149270,B10-0005297,2024-01-27T18:36:58
149360,B94-0003765,2024-01-27T19:00:03
149384,B94-0003765,2024-01-27T19:06:16
149444,B94-0003765,2024-01-27T19:22:51
149559,B94-0003765,2024-01-27T19:50:59
149685,B02-0004267,2024-01-27T20:20:51
14975,B94-0003765,2024-01-03T16:36:50
149752,B94-0003765,2024-01-27T20:38:00
149762,B02-0004267,2024-01-27T20:40:53
149804,B10-0005297,2024-01-27T20:51:48
149824,B94-0003765,2024-01-27T20:55:49
149883,B02-0004267,2024-01-27T21:10:44
149925,B94-0003765,2024-01-27T21:21:34
149970,B94-0003765,2024-01-27T21:31:04
149976,B02-0004267,2024-01-27T21:32:22
150030,B02-0004267,2024-01-27T21:46:31
150044,B94-0003765,2024-01-27T21:50:40
150168,B10-0005297,2024-01-27T22:21:37
15020,B10-0005297,2024-01-03T16:48:01
15025,B94-0003765,2024-01-03T16:49:13
15029,B94-0003765,2024-01-03T16:50:10
150353,B10-0005297,2024-01-27T23:10:07
150359,B10-0005297,2024-01-27T23:11:17
150409,B94-0003765,2024-01-27T23:25:19
150410,B94-0003765,2024-01-27T23:25:49
150415,B10-0005297,2024-01-27T23:27:15
150439,B10-0005297,2024-01-27T23:33:15
150560,B10-0005297,2024-01-28T00:02:32
150696,B94-0003765,2024-01-28T00:35:55
150796,B02-0004267,2024-01-28T01:02:06
150823,B10-0005297,2024-01-28T01:09:27
150876,B94-0003765,2024-01-28T01:21:42
150877,B94-0003765,2024-01-28T01:22:11
150878,B94-0003765,2024-01-28T01:22:38
150897,B10-0005297,2024-01-28T01:26:45
150898,B10-0005297,2024-01-28T01:26:52
150972,B94-0003765,2024-01-28T01:46:34
1511,B94-0003765,2024-01-01T06:33:30
151133,B94-0003765,2024-01-28T02:27:56
151154,B02-0004267,2024-01-28T02:31:59
151177,B10-0005297,2024-01-28T02:37:11
151206,B94-0003765,2024-01-28T02:45:54
151249,B94-0003765,2024-01-28T02:58:39
15128,B02-0004267,2024-01-03T17:16:52
151305,B94-0003765,2024-01-28T03:12:13
151314,B02-0004267,2024-01-28T03:14:24
151516,B94-0003765,2024-01-28T04:08:03
151564,B10-0005297,2024-01-28T04:19:48
151601,B02-0004267,2024-01-28T04:29:49
151618,B94-0003765,2024-01-28T04:33:33
151714,B94-0003765,2024-01-28T04:57:07
151847,B02-0004267,2024-01-28T05:33:42
151850,B02-0004267,2024-01-28T05:34:05
151928,B10-0005297,2024-01-28T05:55:21
152062,B02-0004267,2024-01-28T06:29:57
152119,B94-0003765,2024-01-28T06:45:09
152228,B94-0003765,2024-01-28T07:14:28
15226,B10-0005297,2024-01-03T17:42:32
152272,B02-0004267,2024-01-28T07:26:07
152336,B10-0005297,2024-01-28T07:43:36
152382,B10-0005297,2024-01-28T07:54:37
152395,B02-0004267,2024-01-28T07:58:16
152432,B10-0005297,2024-01-28T08:06:54
152505,B10-0005297,2024-01-28T08:27:11
152599,B02-0004267,2024-01-28T08:50:11
152667,B94-0003765,2024-01-28T09:08:45
152720,B02-0004267,2024-01-28T09:21:35
152991,B10-0005297,2024-01-28T10:31:36
152998,B94-0003765,2024-01-28T10:33:01
153030,B94-0003765,2024-01-28T10:40:52
153063,B94-0003765,2024-01-28T10:49:03
153081,B02-0004267,2024-01-28T10:54:53
153082,B02-0004267,2024-01-28T10:54:58
153119,B94-0003765,2024-01-28T11:04:46
153204,B94-0003765,2024-01-28T11:25:58
153232,B94-0003765,2024-01-28T11:33:15
153355,B02-0004267,2024-01-28T12:01:35
153458,B94-0003765,2024-01-28T12:28:15
153505,B02-0004267,2024-01-28T12:39:27
153541,B94-0003765,2024-01-28T12:48:56
153564,B94-0003765,2024-01-28T12:53:34
153665,B94-0003765,2024-01-28T13:17:01
153934,B94-0003765,2024-01-28T14:25:02
153964,B02-0004267,2024-01-28T14:33:24
154213,B10-0005297,2024-01-28T15:41:25
154246,B02-0004267,2024-01-28T15:49:34
154266,B02-0004267,2024-01-28T15:52:50
154269,B02-0004267,2024-01-28T15:53:57
154308,B10-0005297,2024-01-28T16:04:09
154361,B94-0003765,2024-01-28T16:17:00
154377,B10-0005297,2024-01-28T16:21:29
154395,B02-0004267,2024-01-28T16:24:35
154552,B94-0003765,2024-01-28T17:04:58
154562,B94-0003765,2024-01-28T17:07:51
154662,B94-0003765,2024-01-28T17:33:04
154664,B94-0003765,2024-01-28T17:33:29
154677,B10-0005297,2024-01-28T17:36:25
154802,B02-0004267,2024-01-28T18:09:17
154837,B10-0005297,2024-01-28T18:19:44
154862,B94-0003765,2024-01-28T18:25:47
15487,B94-0003765,2024-01-03T18:49:53
154972,B02-0004267,2024-01-28T18:55:32
155025,B02-0004267,2024-01-28T19:08:27
155139,B10-0005297,2024-01-28T19:36:44
15514,B10-0005297,2024-01-03T18:56:57
155146,B02-0004267,2024-01-28T19:39:20
155196,B94-0003765,2024-01-28T19:53:19
15521,B94-0003765,2024-01-03T18:59:11
155454,B10-0005297,2024-01-28T20:55:41
15552,B94-0003765,2024-01-03T19:05:24
155552,B94-0003765,2024-01-28T21:22:56
155604,B02-0004267,2024-01-28T21:36:27
155605,B02-0004267,2024-01-28T21:36:32
155606,B02-0004267,2024-01-28T21:36:57
155638,B02-0004267,2024-01-28T21:44:54
155677,B94-0003765,2024-01-28T21:54:12
155797,B94-0003765,2024-01-28T22:25:26
155830,B94-0003765,2024-01-28T22:34:46
155881,B10-0005297,2024-01-28T22:47:07
155990,B94-0003765,2024-01-28T23:12:22
156045,B94-0003765,2024-01-28T23:25:32
156097,B10-0005297,2024-01-28T23:39:06
156098,B10-0005297,2024-01-28T23:39:18
156100,B10-0005297,2024-01-28T23:39:50
156111,B02-0004267,2024-01-28T23:42:03
156112,B02-0004267,2024-01-28T23:42:20
156117,B02-0004267,2024-01-28T23:43:05
156149,B10-0005297,2024-01-28T23:51:27
156186,B94-0003765,2024-01-29T00:00:54
156522,B94-0003765,2024-01-29T01:29:35
156574,B94-0003765,2024-01-29T01:45:32
156817,B02-0004267,2024-01-29T02:50:23
156850,B94-0003765,2024-01-29T02:58:41
156856,B94-0003765,2024-01-29T03:00:22
156892,B94-0003765,2024-01-29T03:08:02
156896,B10-0005297,2024-01-29T03:08:43
156946,B10-0005297,2024-01-29T03:21:54
156983,B94-0003765,2024-01-29T03:31:06
157041,B94-0003765,2024-01-29T03:47:18
157107,B10-0005297,2024-01-29T04:02:11
157136,B10-0005297,2024-01-29T04:09:11
157149,B10-0005297,2024-01-29T04:12:56
15718,B02-0004267,2024-01-03T19:45:49
157185,B02-0004267,2024-01-29T04:21:01
15733,B10-0005297,2024-01-03T19:49:19
157332,B10-0005297,2024-01-29T04:59:59
157550,B94-0003765,2024-01-29T05:56:58
157558,B10-0005297,2024-01-29T05:59:17
157579,B02-0004267,2024-01-29T06:05:17
157600,B02-0004267,2024-01-29T06:11:43
157601,B10-0005297,2024-01-29T06:11:44
157630,B94-0003765,2024-01-29T06:18:24
157652,B02-0004267,2024-01-29T06:24:37
157676,B02-0004267,2024-01-29T06:29:53
157706,B94-0003765,2024-01-29T06:37:55
157860,B94-0003765,2024-01-29T07:16:55
157905,B10-0005297,2024-01-29T07:27:52
157908,B10-0005297,2024-01-29T07:28:49
157940,B94-0003765,2024-01-29T07:36:44
158003,B94-0003765,2024-01-29T07:51:41
158008,B02-0004267,2024-01-29T07:52:56
158067,B94-0003765,2024-01-29T08:07:17
158109,B94-0003765,2024-01-29T08:20:04
158125,B02-0004267,2024-01-29T08:23:23
158183,B02-0004267,2024-01-29T08:37:19
158194,B02-0004267,2024-01-29T08:40:06
158247,B02-0004267,2024-01-29T08:53:04
158269,B94-0003765,2024-01-29T08:57:51
158386,B94-0003765,2024-01-29T09:30:48
158497,B94-0003765,2024-01-29T09:59:44
158519,B10-0005297,2024-01-29T10:05:00
158760,B02-0004267,2024-01-29T11:04:41
158803,B94-0003765,2024-01-29T11:17:20
158812,B02-0004267,2024-01-29T11:19:43
15883,B94-0003765,2024-01-03T20:29:02
15886,B94-0003765,2024-01-03T20:29:53
158876,B02-0004267,2024-01-29T11:37:42
159044,B02-0004267,2024-01-29T12:20:28
159047,B10-0005297,2024-01-29T12:21:04
159142,B02-0004267,2024-01-29T12:45:25
159158,B10-0005297,2024-01-29T12:49:51
159389,B94-0003765,2024-01-29T13:53:48
159491,B02-0004267,2024-01-29T14:19:07
159545,B10-0005297,2024-01-29T14:32:19
159796,B94-0003765,2024-01-29T15:37:38
159801,B94-0003765,2024-01-29T15:38:29
159862,B10-0005297,2024-01-29T15:56:55
160017,B02-0004267,2024-01-29T16:35:01
160088,B94-0003765,2024-01-29T16:52:44
160118,B02-0004267,2024-01-29T17:01:28
160138,B94-0003765,2024-01-29T17:07:08
160172,B94-0003765,2024-01-29T17:15:42
160188,B10-0005297,2024-01-29T17:19:23
160310,B02-0004267,2024-01-29T17:50:41
160462,B02-0004267,2024-01-29T18:30:05
160487,B02-0004267,2024-01-29T18:36:29
160524,B02-0004267,2024-01-29T18:45:26
160693,B10-0005297,2024-01-29T19:29:44
160727,B94-0003765,2024-01-29T19:36:58
160772,B02-0004267,2024-01-29T19:50:04
160842,B94-0003765,2024-01-29T20:07:08
160927,B94-0003765,2024-01-29T20:29:49
161297,B94-0003765,2024-01-29T22:03:40
161355,B94-0003765,2024-01-29T22:16:43
161363,B94-0003765,2024-01-29T22:18:34
161444,B94-0003765,2024-01-29T22:39:51
161530,B02-0004267,2024-01-29T23:01:01
161531,B02-0004267,2024-01-29T23:01:10
161532,B94-0003765,2024-01-29T23:01:37
161583,B94-0003765,2024-01-29T23:14:36
161671,B94-0003765,2024-01-29T23:37:47
16182,B94-0003765,2024-01-03T21:47:38
161839,B02-0004267,2024-01-30T00:21:25
161983,B02-0004267,2024-01-30T00:57:02
162052,B94-0003765,2024-01-30T01:13:50
162128,B10-0005297,2024-01-30T01:33:20
162247,B94-0003765,2024-01-30T02:05:07
162249,B94-0003765,2024-01-30T02:05:23
162254,B94-0003765,2024-01-30T02:06:43
162284,B10-0005297,2024-01-30T02:15:33
162327,B02-0004267,2024-01-30T02:26:06
162448,B94-0003765,2024-01-30T02:55:20
162455,B10-0005297,2024-01-30T02:56:51
162498,B02-0004267,2024-01-30T03:07:07
162548,B02-0004267,2024-01-30T03:20:17
162561,B02-0004267,2024-01-30T03:23:08
162589,B94-0003765,2024-01-30T03:31:06
16259,B10-0005297,2024-01-03T22:07:17
162652,B02-0004267,2024-01-30T03:45:33
162773,B10-0005297,2024-01-30T04:16:20
162812,B10-0005297,2024-01-30T04:25:38
163385,B94-0003765,2024-01-30T06:50:47
163413,B02-0004267,2024-01-30T06:58:14
163474,B94-0003765,2024-01-30T07:14:38
163593,B10-0005297,2024-01-30T07:44:45
163697,B10-0005297,2024-01-30T08:12:38
163707,B02-0004267,2024-01-30T08:15:35
163722,B10-0005297,2024-01-30T08:19:05
163791,B02-0004267,2024-01-30T08:39:22
16391,B94-0003765,2024-01-03T22:38:09
163926,B94-0003765,2024-01-30T09:13:20
163951,B02-0004267,2024-01-30T09:19:46
163957,B10-0005297,2024-01-30T09:21:09
164208,B94-0003765,2024-01-30T10:27:06
164230,B10-0005297,2024-01-30T10:32:03
164240,B94-0003765,2024-01-30T10:34:29
164241,B94-0003765,2024-01-30T10:34:35
164279,B94-0003765,2024-01-30T10:42:06
164280,B02-0004267,2024-01-30T10:42:08
164314,B10-0005297,2024-01-30T10:51:14
164345,B10-0005297,2024-01-30T10:58:46
164383,B02-0004267,2024-01-30T11:10:51
164395,B94-0003765,2024-01-30T11:13:44
164525,B94-0003765,2024-01-30T11:48:37
164563,B02-0004267,2024-01-30T11:59:45
164655,B02-0004267,2024-01-30T12:20:46
164669,B94-0003765,2024-01-30T12:24:38
164675,B10-0005297,2024-01-30T12:26:41
164693,B94-0003765,2024-01-30T12:31:26
16473,B94-0003765,2024-01-03T22:59:59
164733,B10-0005297,2024-01-30T12:41:00
164742,B10-0005297,2024-01-30T12:43:04
164785,B02-0004267,2024-01-30T12:53:59
164867,B10-0005297,2024-01-30T13:13:58
165099,B10-0005297,2024-01-30T14:15:27
165147,B94-0003765,2024-01-30T14:27:04
165168,B02-0004267,2024-01-30T14:32:29
165235,B94-0003765,2024-01-30T14:50:04
165337,B02-0004267,2024-01-30T15:18:31
165356,B94-0003765,2024-01-30T15:24:06
165450,B02-0004267,2024-01-30T15:48:18
165458,B94-0003765,2024-01-30T15:50:24
165515,B94-0003765,2024-01-30T16:04:15
165521,B10-0005297,2024-01-30T16:05:51
165558,B10-0005297,2024-01-30T16:15:15
165623,B10-0005297,2024-01-30T16:31:04
16566,B02-0004267,2024-01-03T23:22:08
16567,B02-0004267,2024-01-03T23:22:35
165706,B10-0005297,2024-01-30T16:49:50
165714,B02-0004267,2024-01-30T16:51:55
165741,B10-0005297,2024-01-30T16:58:59
165799,B10-0005297,2024-01-30T17:11:48
165820,B94-0003765,2024-01-30T17:18:04
165828,B02-0004267,2024-01-30T17:19:40
165830,B02-0004267,2024-01-30T17:20:28
165832,B02-0004267,2024-01-30T17:20:53
165838,B94-0003765,2024-01-30T17:22:14
165876,B02-0004267,2024-01-30T17:32:12
166052,B94-0003765,2024-01-30T18:15:21
166156,B02-0004267,2024-01-30T18:43:10
166174,B10-0005297,2024-01-30T18:48:45
166208,B10-0005297,2024-01-30T18:59:17
166270,B94-0003765,2024-01-30T19:15:49
166278,B94-0003765,2024-01-30T19:17:58
166285,B10-0005297,2024-01-30T19:19:52
166397,B10-0005297,2024-01-30T19:47:36
166430,B94-0003765,2024-01-30T19:56:37
166493,B02-0004267,2024-01-30T20:11:56
166514,B02-0004267,2024-01-30T20:17:57
166531,B02-0004267,2024-01-30T20:21:19
166550,B02-0004267,2024-01-30T20:26:44
166568,B94-0003765,2024-01-30T20:30:46
166601,B94-0003765,2024-01-30T20:38:53
166609,B10-0005297,2024-01-30T20:41:34
166657,B94-0003765,2024-01-30T20:54:52
166698,B02-0004267,2024-01-30T21:06:48
166736,B94-0003765,2024-01-30T21:17:29
166755,B94-0003765,2024-01-30T21:22:48
166793,B94-0003765,2024-01-30T21:33:08
166794,B02-0004267,2024-01-30T21:33:13
166895,B10-0005297,2024-01-30T22:01:14
166911,B94-0003765,2024-01-30T22:05:16
166923,B94-0003765,2024-01-30T22:08:49
166927,B10-0005297,2024-01-30T22:09:51
166939,B02-0004267,2024-01-30T22:13:34
166976,B10-0005297,2024-01-30T22:23:02
166996,B94-0003765,2024-01-30T22:28:27
166997,B10-0005297,2024-01-30T22:28:48
167066,B02-0004267,2024-01-30T22:47:48
167233,B02-0004267,2024-01-30T23:29:45
167259,B94-0003765,2024-01-30T23:36:31
167283,B10-0005297,2024-01-30T23:43:45
167319,B10-0005297,2024-01-30T23:52:59
167353,B10-0005297,2024-01-31T00:01:03
167367,B10-0005297,2024-01-31T00:04:44
167371,B02-0004267,2024-01-31T00:06:00
167383,B02-0004267,2024-01-31T00:09:30
167473,B10-0005297,2024-01-31T00:31:02
167553,B10-0005297,2024-01-31T00:53:11
167564,B02-0004267,2024-01-31T00:56:33
16762,B94-0003765,2024-01-04T00:13:37
167636,B94-0003765,2024-01-31T01:15:18
167640,B94-0003765,2024-01-31T01:16:56
167733,B94-0003765,2024-01-31T01:39:18
167789,B10-0005297,2024-01-31T01:54:34
167793,B10-0005297,2024-01-31T01:56:16
167898,B94-0003765,2024-01-31T02:23:23
168171,B94-0003765,2024-01-31T03:31:13
168351,B10-0005297,2024-01-31T04:20:53
168554,B10-0005297,2024-01-31T05:11:57
168595,B94-0003765,2024-01-31T05:23:24
168620,B94-0003765,2024-01-31T05:30:36
168719,B94-0003765,2024-01-31T05:55:09
168766,B02-0004267,2024-01-31T06:07:52
168797,B10-0005297,2024-01-31T06:16:52
168822,B10-0005297,2024-01-31T06:22:21
168888,B94-0003765,2024-01-31T06:39:47
168895,B94-0003765,2024-01-31T06:41:39
168980,B10-0005297,2024-01-31T07:04:02
168990,B10-0005297,2024-01-31T07:06:39
169015,B94-0003765,2024-01-31T07:11:52
169081,B10-0005297,2024-01-31T07:29:39
169093,B10-0005297,2024-01-31T07:32:23
169106,B94-0003765,2024-01-31T07:35:11
169112,B02-0004267,2024-01-31T07:36:20
169215,B94-0003765,2024-01-31T08:04:54
169224,B10-0005297,2024-01-31T08:06:31
169287,B02-0004267,2024-01-31T08:23:35
169321,B02-0004267,2024-01-31T08:32:47
169347,B94-0003765,2024-01-31T08:39:10
169364,B02-0004267,2024-01-31T08:43:25
169396,B94-0003765,2024-01-31T08:52:13
169424,B94-0003765,2024-01-31T08:59:41
169580,B94-0003765,2024-01-31T09:38:27
169619,B94-0003765,2024-01-31T09:48:51
169673,B94-0003765,2024-01-31T10:01:39
169712,B10-0005297,2024-01-31T10:11:53
169898,B94-0003765,2024-01-31T10:56:11
169936,B10-0005297,2024-01-31T11:05:47
169948,B10-0005297,2024-01-31T11:09:05
169956,B02-0004267,2024-01-31T11:11:10
170099,B02-0004267,2024-01-31T11:51:45
170151,B10-0005297,2024-01-31T12:05:04
170173,B10-0005297,2024-01-31T12:10:51
170234,B94-0003765,2024-01-31T12:26:29
170349,B94-0003765,2024-01-31T12:56:41
170376,B94-0003765,2024-01-31T13:04:33
170489,B94-0003765,2024-01-31T13:32:11
170500,B94-0003765,2024-01-31T13:36:05
170514,B02-0004267,2024-01-31T13:39:34
170542,B10-0005297,2024-01-31T13:46:57
170547,B02-0004267,2024-01-31T13:48:01
170586,B10-0005297,2024-01-31T13:58:08
170668,B10-0005297,2024-01-31T14:19:21
170683,B10-0005297,2024-01-31T14:22:45
170776,B94-0003765,2024-01-31T14:43:41
170820,B94-0003765,2024-01-31T14:55:40
170871,B10-0005297,2024-01-31T15:08:37
170901,B10-0005297,2024-01-31T15:17:20
170912,B10-0005297,2024-01-31T15:19:49
171076,B94-0003765,2024-01-31T16:01:30
17112,B94-0003765,2024-01-04T01:46:49
171139,B94-0003765,2024-01-31T16:17:19
17129,B94-0003765,2024-01-04T01:51:34
171379,B10-0005297,2024-01-31T17:22:25
171627,B10-0005297,2024-01-31T18:25:51
171813,B10-0005297,2024-01-31T19:13:12
171902,B10-0005297,2024-01-31T19:35:45
171940,B10-0005297,2024-01-31T19:44:53
171995,B02-0004267,2024-01-31T19:58:05
172022,B94-0003765,2024-01-31T20:05:41
172046,B02-0004267,2024-01-31T20:12:22
172169,B10-0005297,2024-01-31T20:43:32
172388,B94-0003765,2024-01-31T21:37:19
172406,B10-0005297,2024-01-31T21:41:21
172441,B02-0004267,2024-01-31T21:51:30
172469,B10-0005297,2024-01-31T21:58:49
17302,B10-0005297,2024-01-04T02:36:02
17423,B94-0003765,2024-01-04T03:10:05
17427,B94-0003765,2024-01-04T03:11:13
17807,B94-0003765,2024-01-04T04:49:52
17909,B94-0003765,2024-01-04T05:17:04
17937,B10-0005297,2024-01-04T05:25:49
17944,B94-0003765,2024-01-04T05:27:34
17946,B94-0003765,2024-01-04T05:28:13
18017,B94-0003765,2024-01-04T05:46:05
18092,B10-0005297,2024-01-04T06:07:52
18291,B10-0005297,2024-01-04T06:55:06
18308,B94-0003765,2024-01-04T06:58:55
18342,B94-0003765,2024-01-04T07:08:26
18433,B02-0004267,2024-01-04T07:31:07
18718,B02-0004267,2024-01-04T08:46:07
18743,B10-0005297,2024-01-04T08:53:29
18854,B02-0004267,2024-01-04T09:25:22
18887,B02-0004267,2024-01-04T09:34:03
19246,B02-0004267,2024-01-04T11:07:51
19290,B10-0005297,2024-01-04T11:18:51
19638,B94-0003765,2024-01-04T12:47:14
19640,B94-0003765,2024-01-04T12:47:45
19688,B94-0003765,2024-01-04T13:00:48
19858,B94-0003765,2024-01-04T13:47:11
19912,B10-0005297,2024-01-04T13:59:15
19993,B02-0004267,2024-01-04T14:20:46
20038,B94-0003765,2024-01-04T14:31:54
20078,B10-0005297,2024-01-04T14:41:46
20086,B94-0003765,2024-01-04T14:44:04
20258,B02-0004267,2024-01-04T15:26:28
20395,B02-0004267,2024-01-04T16:00:18
20397,B02-0004267,2024-01-04T16:01:07
20472,B02-0004267,2024-01-04T16:18:26
20680,B10-0005297,2024-01-04T17:10:29
20806,B10-0005297,2024-01-04T17:41:50
20964,B02-0004267,2024-01-04T18:23:26
20969,B02-0004267,2024-01-04T18:24:42
21017,B94-0003765,2024-01-04T18:37:47
21095,B94-0003765,2024-01-04T18:57:20
21150,B10-0005297,2024-01-04T19:11:11
21189,B10-0005297,2024-01-04T19:22:00
21329,B94-0003765,2024-01-04T20:00:13
21426,B94-0003765,2024-01-04T20:25:21
21518,B94-0003765,2024-01-04T20:48:11
21519,B94-0003765,2024-01-04T20:48:27
21589,B94-0003765,2024-01-04T21:04:13
21595,B10-0005297,2024-01-04T21:06:15
21602,B02-0004267,2024-01-04T21:07:07
21617,B10-0005297,2024-01-04T21:11:14
21751,B10-0005297,2024-01-04T21:47:03
21942,B94-0003765,2024-01-04T22:39:11
21947,B10-0005297,2024-01-04T22:40:28
21993,B02-0004267,2024-01-04T22:52:48
22311,B94-0003765,2024-01-05T00:16:05
22577,B94-0003765,2024-01-05T01:24:30
22579,B94-0003765,2024-01-05T01:25:22
22580,B94-0003765,2024-01-05T01:25:34
22617,B10-0005297,2024-01-05T01:37:05
22802,B02-0004267,2024-01-05T02:24:32
22813,B02-0004267,2024-01-05T02:28:06
22928,B02-0004267,2024-01-05T02:57:30
23031,B94-0003765,2024-01-05T03:24:17
23035,B02-0004267,2024-01-05T03:25:25
23106,B02-0004267,2024-01-05T03:45:17
23140,B10-0005297,2024-01-05T03:54:37
23143,B10-0005297,2024-01-05T03:55:20
23479,B94-0003765,2024-01-05T05:17:55
23522,B94-0003765,2024-01-05T05:28:30
23523,B94-0003765,2024-01-05T05:28:47
23539,B02-0004267,2024-01-05T05:33:21
23571,B10-0005297,2024-01-05T05:40:58
23935,B10-0005297,2024-01-05T07:12:45
23959,B10-0005297,2024-01-05T07:17:55
23982,B10-0005297,2024-01-05T07:24:01
24018,B94-0003765,2024-01-05T07:33:29
24019,B94-0003765,2024-01-05T07:33:31
24020,B94-0003765,2024-01-05T07:33:53
24278,B02-0004267,2024-01-05T08:42:19
24698,B94-0003765,2024-01-05T10:33:18
24702,B94-0003765,2024-01-05T10:34:11
24721,B02-0004267,2024-01-05T10:39:29
24776,B10-0005297,2024-01-05T10:53:51
24825,B10-0005297,2024-01-05T11:06:36
24852,B02-0004267,2024-01-05T11:13:37
24940,B94-0003765,2024-01-05T11:37:09
24943,B94-0003765,2024-01-05T11:38:01
25090,B94-0003765,2024-01-05T12:14:03
25138,B10-0005297,2024-01-05T12:27:46
25244,B94-0003765,2024-01-05T12:54:15
25250,B94-0003765,2024-01-05T12:55:41
25427,B10-0005297,2024-01-05T13:42:54
25504,B10-0005297,2024-01-05T14:00:34
25627,B02-0004267,2024-01-05T14:30:32
25796,B94-0003765,2024-01-05T15:10:56
25883,B94-0003765,2024-01-05T15:32:28
2593,B94-0003765,2024-01-01T11:10:31
25981,B02-0004267,2024-01-05T15:57:33
25992,B02-0004267,2024-01-05T15:59:30
26046,B02-0004267,2024-01-05T16:12:12
26092,B10-0005297,2024-01-05T16:23:25
26253,B94-0003765,2024-01-05T17:05:40
26256,B02-0004267,2024-01-05T17:06:21
26301,B94-0003765,2024-01-05T17:19:32
26315,B10-0005297,2024-01-05T17:23:35
26404,B02-0004267,2024-01-05T17:46:38
26514,B10-0005297,2024-01-05T18:13:35
26536,B02-0004267,2024-01-05T18:18:22
26609,B02-0004267,2024-01-05T18:38:53
26614,B02-0004267,2024-01-05T18:40:10
26727,B94-0003765,2024-01-05T19:11:03
26783,B94-0003765,2024-01-05T19:26:25
27006,B10-0005297,2024-01-05T20:26:07
27183,B94-0003765,2024-01-05T21:15:09
27276,B10-0005297,2024-01-05T21:41:03
27285,B02-0004267,2024-01-05T21:42:59
27541,B02-0004267,2024-01-05T22:48:37
27542,B02-0004267,2024-01-05T22:48:46
27597,B94-0003765,2024-01-05T23:04:25
27759,B02-0004267,2024-01-05T23:45:52
27777,B94-0003765,2024-01-05T23:50:29
27804,B10-0005297,2024-01-05T23:56:11
27928,B94-0003765,2024-01-06T00:27:58
27961,B10-0005297,2024-01-06T00:36:34
28000,B02-0004267,2024-01-06T00:46:06
28042,B02-0004267,2024-01-06T00:56:06
28381,B94-0003765,2024-01-06T02:24:43
28458,B10-0005297,2024-01-06T02:42:04
28482,B94-0003765,2024-01-06T02:48:13
28728,B94-0003765,2024-01-06T03:47:34
28986,B02-0004267,2024-01-06T04:57:06
29210,B10-0005297,2024-01-06T05:57:03
29332,B02-0004267,2024-01-06T06:28:43
29542,B10-0005297,2024-01-06T07:23:50
29572,B94-0003765,2024-01-06T07:32:37
29657,B02-0004267,2024-01-06T07:56:11
29659,B94-0003765,2024-01-06T07:56:56
29692,B10-0005297,2024-01-06T08:05:29
29780,B02-0004267,2024-01-06T08:28:59
29923,B10-0005297,2024-01-06T09:00:13
29944,B02-0004267,2024-01-06T09:05:40
30097,B02-0004267,2024-01-06T09:46:39
30125,B02-0004267,2024-01-06T09:53:42
30187,B10-0005297,2024-01-06T10:06:14
30305,B02-0004267,2024-01-06T10:37:20
30383,B94-0003765,2024-01-06T10:54:53
30702,B94-0003765,2024-01-06T12:17:12
30769,B94-0003765,2024-01-06T12:34:35
31123,B94-0003765,2024-01-06T14:04:18
31128,B94-0003765,2024-01-06T14:05:36
31134,B94-0003765,2024-01-06T14:06:46
31319,B10-0005297,2024-01-06T14:56:31
31380,B10-0005297,2024-01-06T15:10:58
31381,B10-0005297,2024-01-06T15:11:16
31496,B10-0005297,2024-01-06T15:39:56
31568,B02-0004267,2024-01-06T15:58:22
31660,B94-0003765,2024-01-06T16:20:36
31717,B94-0003765,2024-01-06T16:37:02
32087,B94-0003765,2024-01-06T18:12:57
32089,B94-0003765,2024-01-06T18:13:38
32173,B02-0004267,2024-01-06T18:36:22
32186,B10-0005297,2024-01-06T18:39:25
32227,B02-0004267,2024-01-06T18:49:23
32275,B02-0004267,2024-01-06T19:02:26
32299,B02-0004267,2024-01-06T19:07:50
32367,B02-0004267,2024-01-06T19:23:31
32443,B94-0003765,2024-01-06T19:42:16
32569,B10-0005297,2024-01-06T20:15:33
32863,B02-0004267,2024-01-06T21:29:35
32869,B10-0005297,2024-01-06T21:30:40
32947,B94-0003765,2024-01-06T21:49:40
32950,B10-0005297,2024-01-06T21:50:17
32993,B10-0005297,2024-01-06T21:59:09
33048,B02-0004267,2024-01-06T22:13:47
33244,B94-0003765,2024-01-06T23:06:35
33334,B94-0003765,2024-01-06T23:32:27
33341,B94-0003765,2024-01-06T23:35:09
33611,B10-0005297,2024-01-07T00:43:36
33613,B10-0005297,2024-01-07T00:43:45
33619,B94-0003765,2024-01-07T00:45:17
33637,B10-0005297,2024-01-07T00:49:02
33710,B10-0005297,2024-01-07T01:10:27
33862,B02-0004267,2024-01-07T01:46:36
33889,B94-0003765,2024-01-07T01:53:22
34078,B94-0003765,2024-01-07T02:41:53
34185,B02-0004267,2024-01-07T03:08:49
34212,B02-0004267,2024-01-07T03:16:08
34239,B10-0005297,2024-01-07T03:23:15
34290,B10-0005297,2024-01-07T03:38:10
34296,B10-0005297,2024-01-07T03:39:58
34299,B02-0004267,2024-01-07T03:40:42
34338,B94-0003765,2024-01-07T03:50:57
34339,B94-0003765,2024-01-07T03:50:58
34405,B02-0004267,2024-01-07T04:07:26
34406,B94-0003765,2024-01-07T04:07:54
34490,B02-0004267,2024-01-07T04:29:26
34585,B10-0005297,2024-01-07T04:53:32
34727,B94-0003765,2024-01-07T05:29:09
34762,B94-0003765,2024-01-07T05:38:44
34765,B94-0003765,2024-01-07T05:40:01
34850,B94-0003765,2024-01-07T06:04:27
35037,B02-0004267,2024-01-07T06:52:37
35127,B02-0004267,2024-01-07T07:16:01
35415,B94-0003765,2024-01-07T08:29:34
35418,B94-0003765,2024-01-07T08:29:58
35479,B02-0004267,2024-01-07T08:45:36
35554,B10-0005297,2024-01-07T09:05:28
35618,B10-0005297,2024-01-07T09:22:27
35813,B94-0003765,2024-01-07T10:13:05
35822,B94-0003765,2024-01-07T10:15:45
35866,B10-0005297,2024-01-07T10:27:24
35871,B02-0004267,2024-01-07T10:28:24
35948,B10-0005297,2024-01-07T10:45:53
35973,B02-0004267,2024-01-07T10:52:58
35974,B02-0004267,2024-01-07T10:53:04
36115,B94-0003765,2024-01-07T11:27:13
36143,B94-0003765,2024-01-07T11:34:38
36144,B94-0003765,2024-01-07T11:34:49
36442,B10-0005297,2024-01-07T12:48:44
3650,B94-0003765,2024-01-01T15:40:58
36517,B94-0003765,2024-01-07T13:08:08
36606,B10-0005297,2024-01-07T13:30:52
36656,B02-0004267,2024-01-07T13:45:59
36771,B94-0003765,2024-01-07T14:15:19
36772,B94-0003765,2024-01-07T14:15:28
36981,B94-0003765,2024-01-07T15:07:00
37284,B10-0005297,2024-01-07T16:25:07
37289,B02-0004267,2024-01-07T16:26:29
37365,B94-0003765,2024-01-07T16:46:29
37432,B94-0003765,2024-01-07T17:02:53
37560,B94-0003765,2024-01-07T17:36:24
37630,B94-0003765,2024-01-07T17:53:45
37689,B02-0004267,2024-01-07T18:11:02
37690,B02-0004267,2024-01-07T18:11:03
37691,B02-0004267,2024-01-07T18:11:06
37792,B94-0003765,2024-01-07T18:36:37
38225,B02-0004267,2024-01-07T20:26:46
38237,B02-0004267,2024-01-07T20:30:01
38282,B02-0004267,2024-01-07T20:41:40
38401,B10-0005297,2024-01-07T21:12:21
38423,B94-0003765,2024-01-07T21:18:36
3843,B02-0004267,2024-01-01T16:30:57
38430,B10-0005297,2024-01-07T21:19:54
38506,B94-0003765,2024-01-07T21:37:42
38514,B10-0005297,2024-01-07T21:39:49
38630,B10-0005297,2024-01-07T22:08:04
38713,B10-0005297,2024-01-07T22:28:16
38799,B02-0004267,2024-01-07T22:49:49
38837,B02-0004267,2024-01-07T23:01:48
38869,B10-0005297,2024-01-07T23:09:09
38911,B94-0003765,2024-01-07T23:20:34
38912,B94-0003765,2024-01-07T23:20:48
38913,B94-0003765,2024-01-07T23:21:18
38975,B02-0004267,2024-01-07T23:36:58
39034,B94-0003765,2024-01-07T23:53:25
39076,B94-0003765,2024-01-08T00:04:06
39389,B10-0005297,2024-01-08T01:22:26
39408,B02-0004267,2024-01-08T01:26:49
39559,B10-0005297,2024-01-08T02:05:41
39637,B10-0005297,2024-01-08T02:26:16
39762,B94-0003765,2024-01-08T02:58:59
39851,B10-0005297,2024-01-08T03:21:24
39860,B10-0005297,2024-01-08T03:23:42
39873,B02-0004267,2024-01-08T03:26:23
39884,B10-0005297,2024-01-08T03:29:09
39991,B94-0003765,2024-01-08T03:53:53
40113,B94-0003765,2024-01-08T04:25:03
40148,B94-0003765,2024-01-08T04:33:34
40361,B94-0003765,2024-01-08T05:28:10
40391,B10-0005297,2024-01-08T05:35:43
40519,B10-0005297,2024-01-08T06:07:52
40530,B02-0004267,2024-01-08T06:11:01
40691,B10-0005297,2024-01-08T06:54:12
40721,B10-0005297,2024-01-08T07:02:01
40725,B10-0005297,2024-01-08T07:03:04
40851,B02-0004267,2024-01-08T07:39:36
40924,B94-0003765,2024-01-08T07:59:26
41034,B02-0004267,2024-01-08T08:27:29
41108,B94-0003765,2024-01-08T08:49:09
41118,B10-0005297,2024-01-08T08:51:55
41225,B94-0003765,2024-01-08T09:22:32
41303,B02-0004267,2024-01-08T09:42:41
41304,B02-0004267,2024-01-08T09:42:48
41305,B02-0004267,2024-01-08T09:43:01
41361,B94-0003765,2024-01-08T09:59:24
41605,B02-0004267,2024-01-08T11:00:44
41655,B10-0005297,2024-01-08T11:14:23
41719,B02-0004267,2024-01-08T11:30:01
41775,B02-0004267,2024-01-08T11:44:20
41776,B02-0004267,2024-01-08T11:44:38
42061,B94-0003765,2024-01-08T13:00:17
42074,B94-0003765,2024-01-08T13:03:32
42092,B10-0005297,2024-01-08T13:08:45
42146,B10-0005297,2024-01-08T13:22:29
42270,B94-0003765,2024-01-08T13:55:11
42310,B02-0004267,2024-01-08T14:05:39
42396,B94-0003765,2024-01-08T14:27:49
42515,B02-0004267,2024-01-08T14:58:50
42633,B94-0003765,2024-01-08T15:29:51
42731,B10-0005297,2024-01-08T15:56:13
43178,B10-0005297,2024-01-08T17:55:15
43347,B10-0005297,2024-01-08T18:39:27
43416,B94-0003765,2024-01-08T18:58:49
43492,B02-0004267,2024-01-08T19:16:25
43519,B94-0003765,2024-01-08T19:22:20
4353,B10-0005297,2024-01-01T18:44:36
43564,B02-0004267,2024-01-08T19:32:32
43650,B94-0003765,2024-01-08T19:53:58
43657,B94-0003765,2024-01-08T19:55:29
43811,B02-0004267,2024-01-08T20:36:45
43911,B10-0005297,2024-01-08T21:02:54
43984,B10-0005297,2024-01-08T21:20:09
44057,B94-0003765,2024-01-08T21:37:54
44144,B02-0004267,2024-01-08T22:00:12
44181,B94-0003765,2024-01-08T22:10:21
44269,B10-0005297,2024-01-08T22:30:55
44300,B94-0003765,2024-01-08T22:38:48
44527,B94-0003765,2024-01-08T23:35:16
44529,B94-0003765,2024-01-08T23:35:47
44592,B10-0005297,2024-01-08T23:49:42
44743,B02-0004267,2024-01-09T00:29:32
4484,B94-0003765,2024-01-01T19:16:32
44900,B02-0004267,2024-01-09T01:10:31
44997,B02-0004267,2024-01-09T01:36:22
45027,B10-0005297,2024-01-09T01:43:55
45058,B02-0004267,2024-01-09T01:53:01
45059,B02-0004267,2024-01-09T01:53:26
45092,B10-0005297,2024-01-09T02:02:10
45215,B94-0003765,2024-01-09T02:35:01
45371,B94-0003765,2024-01-09T03:16:00
45379,B10-0005297,2024-01-09T03:17:54
45409,B10-0005297,2024-01-09T03:24:53
45470,B10-0005297,2024-01-09T03:38:38
45515,B10-0005297,2024-01-09T03:47:43
4555,B94-0003765,2024-01-01T19:33:47
45679,B02-0004267,2024-01-09T04:31:52
45691,B10-0005297,2024-01-09T04:35:37
45779,B94-0003765,2024-01-09T04:58:03
45830,B02-0004267,2024-01-09T05:10:34
45902,B02-0004267,2024-01-09T05:30:06
46020,B02-0004267,2024-01-09T06:00:44
46037,B10-0005297,2024-01-09T06:04:58
46124,B94-0003765,2024-01-09T06:27:40
46152,B10-0005297,2024-01-09T06:35:38
46209,B94-0003765,2024-01-09T06:51:25
46236,B94-0003765,2024-01-09T06:58:24
46238,B94-0003765,2024-01-09T06:58:49
46346,B02-0004267,2024-01-09T07:26:37
46541,B10-0005297,2024-01-09T08:14:27
46578,B10-0005297,2024-01-09T08:23:36
4658,B02-0004267,2024-01-01T19:58:50
4667,B94-0003765,2024-01-01T20:00:49
4668,B94-0003765,2024-01-01T20:01:14
46812,B10-0005297,2024-01-09T09:25:53
46918,B94-0003765,2024-01-09T09:54:39
47267,B10-0005297,2024-01-09T11:28:09
47277,B94-0003765,2024-01-09T11:30:16
47363,B94-0003765,2024-01-09T11:52:10
47410,B10-0005297,2024-01-09T12:05:14
47427,B94-0003765,2024-01-09T12:10:13
47465,B10-0005297,2024-01-09T12:18:23
47619,B10-0005297,2024-01-09T12:59:04
47730,B10-0005297,2024-01-09T13:28:14
47764,B02-0004267,2024-01-09T13:36:43
48010,B10-0005297,2024-01-09T14:42:44
48084,B02-0004267,2024-01-09T15:03:17
48152,B02-0004267,2024-01-09T15:21:13
48163,B10-0005297,2024-01-09T15:23:47
48261,B02-0004267,2024-01-09T15:47:34
48394,B94-0003765,2024-01-09T16:21:11
48474,B94-0003765,2024-01-09T16:40:45
48517,B02-0004267,2024-01-09T16:52:06
48611,B94-0003765,2024-01-09T17:17:23
48653,B02-0004267,2024-01-09T17:28:54
4867,B02-0004267,2024-01-01T20:53:13
48694,B02-0004267,2024-01-09T17:38:21
48735,B02-0004267,2024-01-09T17:47:17
48743,B02-0004267,2024-01-09T17:49:14
48971,B94-0003765,2024-01-09T18:49:48
48982,B02-0004267,2024-01-09T18:52:30
49035,B94-0003765,2024-01-09T19:07:18
49036,B94-0003765,2024-01-09T19:07:25
49158,B94-0003765,2024-01-09T19:37:47
49243,B94-0003765,2024-01-09T19:58:47
49375,B94-0003765,2024-01-09T20:34:37
49383,B10-0005297,2024-01-09T20:37:01
49392,B10-0005297,2024-01-09T20:39:05
49398,B02-0004267,2024-01-09T20:40:40
49443,B94-0003765,2024-01-09T20:53:35
49509,B10-0005297,2024-01-09T21:10:25
49584,B10-0005297,2024-01-09T21:29:06
4959,B10-0005297,2024-01-01T21:13:16
49598,B10-0005297,2024-01-09T21:33:47
49642,B02-0004267,2024-01-09T21:45:15
49701,B94-0003765,2024-01-09T22:00:09
49746,B94-0003765,2024-01-09T22:11:44
49747,B94-0003765,2024-01-09T22:11:49
49759,B02-0004267,2024-01-09T22:14:40
49766,B94-0003765,2024-01-09T22:16:06
50018,B02-0004267,2024-01-09T23:24:30
50033,B02-0004267,2024-01-09T23:28:05
50044,B94-0003765,2024-01-09T23:31:15
50168,B02-0004267,2024-01-10T00:01:35
50217,B10-0005297,2024-01-10T00:14:10
50310,B94-0003765,2024-01-10T00:38:24
50435,B94-0003765,2024-01-10T01:10:50
50460,B02-0004267,2024-01-10T01:17:45
50461,B94-0003765,2024-01-10T01:18:07
50497,B94-0003765,2024-01-10T01:27:55
50498,B94-0003765,2024-01-10T01:28:23
50574,B10-0005297,2024-01-10T01:48:47
50677,B10-0005297,2024-01-10T02:16:09
51121,B10-0005297,2024-01-10T04:08:02
51165,B94-0003765,2024-01-10T04:21:26
51166,B94-0003765,2024-01-10T04:21:39
51395,B10-0005297,2024-01-10T05:21:37
51655,B02-0004267,2024-01-10T06:28:27
51701,B94-0003765,2024-01-10T06:40:59
51863,B94-0003765,2024-01-10T07:21:45
51888,B94-0003765,2024-01-10T07:26:31
51962,B94-0003765,2024-01-10T07:47:14
52111,B94-0003765,2024-01-10T08:22:04
52132,B94-0003765,2024-01-10T08:27:30
52228,B10-0005297,2024-01-10T08:53:41
52304,B10-0005297,2024-01-10T09:11:35
52385,B10-0005297,2024-01-10T09:33:52
52492,B94-0003765,2024-01-10T10:02:08
52703,B02-0004267,2024-01-10T10:58:47
52939,B10-0005297,2024-01-10T12:01:50
52975,B94-0003765,2024-01-10T12:09:47
53011,B94-0003765,2024-01-10T12:19:20
53042,B02-0004267,2024-01-10T12:26:58
53117,B94-0003765,2024-01-10T12:46:39
53138,B10-0005297,2024-01-10T12:52:34
53166,B94-0003765,2024-01-10T12:59:31
53168,B94-0003765,2024-01-10T12:59:47
53273,B10-0005297,2024-01-10T13:26:06
53295,B02-0004267,2024-01-10T13:30:49
53309,B94-0003765,2024-01-10T13:34:43
53668,B10-0005297,2024-01-10T15:00:17
53679,B02-0004267,2024-01-10T15:02:51
53703,B10-0005297,2024-01-10T15:08:18
53726,B94-0003765,2024-01-10T15:13:52
53752,B02-0004267,2024-01-10T15:20:15
53771,B94-0003765,2024-01-10T15:25:08
53817,B10-0005297,2024-01-10T15:37:40
53942,B94-0003765,2024-01-10T16:12:30
53980,B10-0005297,2024-01-10T16:21:53
54079,B10-0005297,2024-01-10T16:45:47
54085,B94-0003765,2024-01-10T16:47:02
54228,B94-0003765,2024-01-10T17:23:25
54437,B10-0005297,2024-01-10T18:15:19
54439,B10-0005297,2024-01-10T18:15:38
54517,B94-0003765,2024-01-10T18:34:21
54535,B02-0004267,2024-01-10T18:39:46
54573,B02-0004267,2024-01-10T18:51:21
54805,B10-0005297,2024-01-10T19:49:13
54806,B10-0005297,2024-01-10T19:49:37
54832,B10-0005297,2024-01-10T19:56:16
54901,B02-0004267,2024-01-10T20:12:59
54927,B94-0003765,2024-01-10T20:20:38
54928,B94-0003765,2024-01-10T20:21:05
54963,B94-0003765,2024-01-10T20:30:05
54965,B94-0003765,2024-01-10T20:30:23
55009,B10-0005297,2024-01-10T20:41:08
55046,B94-0003765,2024-01-10T20:50:57
55049,B10-0005297,2024-01-10T20:51:31
55054,B10-0005297,2024-01-10T20:52:30
55060,B10-0005297,2024-01-10T20:53:30
55110,B10-0005297,2024-01-10T21:05:58
55137,B94-0003765,2024-01-10T21:12:35
55139,B94-0003765,2024-01-10T21:13:06
55141,B94-0003765,2024-01-10T21:13:30
55360,B02-0004267,2024-01-10T22:11:48
55402,B94-0003765,2024-01-10T22:22:01
55421,B94-0003765,2024-01-10T22:27:30
55440,B02-0004267,2024-01-10T22:32:33
55563,B02-0004267,2024-01-10T23:07:19
55685,B94-0003765,2024-01-10T23:38:46
55785,B10-0005297,2024-01-11T00:04:40
55788,B10-0005297,2024-01-11T00:05:56
55826,B94-0003765,2024-01-11T00:15:06
55829,B02-0004267,2024-01-11T00:15:35
55904,B94-0003765,2024-01-11T00:35:26
56046,B10-0005297,2024-01-11T01:13:34
56054,B02-0004267,2024-01-11T01:15:55
56057,B10-0005297,2024-01-11T01:16:29
56075,B10-0005297,2024-01-11T01:21:01
56161,B10-0005297,2024-01-11T01:43:49
56211,B94-0003765,2024-01-11T01:59:26
56237,B10-0005297,2024-01-11T02:05:57
56245,B10-0005297,2024-01-11T02:08:03
56272,B94-0003765,2024-01-11T02:14:27
56455,B02-0004267,2024-01-11T02:57:38
56523,B10-0005297,2024-01-11T03:15:52
56567,B94-0003765,2024-01-11T03:27:09
56621,B94-0003765,2024-01-11T03:40:01
56649,B02-0004267,2024-01-11T03:47:50
56689,B94-0003765,2024-01-11T03:58:26
56737,B02-0004267,2024-01-11T04:09:29
56779,B94-0003765,2024-01-11T04:19:25
56780,B94-0003765,2024-01-11T04:19:46
56811,B94-0003765,2024-01-11T04:27:28
56879,B02-0004267,2024-01-11T04:45:20
56885,B10-0005297,2024-01-11T04:46:25
57080,B10-0005297,2024-01-11T05:38:17
57169,B02-0004267,2024-01-11T05:59:19
57201,B94-0003765,2024-01-11T06:05:57
57247,B10-0005297,2024-01-11T06:16:29
57263,B94-0003765,2024-01-11T06:20:40
57276,B02-0004267,2024-01-11T06:23:36
57375,B02-0004267,2024-01-11T06:47:16
5749,B94-0003765,2024-01-02T00:42:07
57592,B94-0003765,2024-01-11T07:45:30
5772,B94-0003765,2024-01-02T00:47:11
5773,B94-0003765,2024-01-02T00:47:40
57854,B10-0005297,2024-01-11T08:54:35
57905,B94-0003765,2024-01-11T09:07:08
57911,B94-0003765,2024-01-11T09:08:52
57943,B94-0003765,2024-01-11T09:17:21
58016,B10-0005297,2024-01-11T09:33:54
58044,B10-0005297,2024-01-11T09:41:04
58070,B10-0005297,2024-01-11T09:47:15
58101,B10-0005297,2024-01-11T09:54:46
58150,B94-0003765,2024-01-11T10:05:52
58329,B94-0003765,2024-01-11T10:54:17
58526,B02-0004267,2024-01-11T11:43:43
58554,B02-0004267,2024-01-11T11:52:21
58594,B02-0004267,2024-01-11T12:02:19
58598,B02-0004267,2024-01-11T12:03:36
58662,B02-0004267,2024-01-11T12:20:15
58674,B94-0003765,2024-01-11T12:23:33
58726,B02-0004267,2024-01-11T12:37:52
58784,B94-0003765,2024-01-11T12:52:32
58961,B10-0005297,2024-01-11T13:39:55
58975,B10-0005297,2024-01-11T13:43:34
59228,B02-0004267,2024-01-11T14:47:32
59282,B94-0003765,2024-01-11T14:59:16
59467,B10-0005297,2024-01-11T15:53:05
59593,B94-0003765,2024-01-11T16:24:38
59601,B02-0004267,2024-01-11T16:26:50
59648,B94-0003765,2024-01-11T16:39:50
59719,B02-0004267,2024-01-11T16:55:31
59847,B94-0003765,2024-01-11T17:27:40
59947,B02-0004267,2024-01-11T17:54:15
59989,B94-0003765,2024-01-11T18:04:36
60011,B10-0005297,2024-01-11T18:11:03
60020,B94-0003765,2024-01-11T18:12:56
60115,B02-0004267,2024-01-11T18:36:39
60124,B02-0004267,2024-01-11T18:38:36
60129,B10-0005297,2024-01-11T18:40:01
60130,B10-0005297,2024-01-11T18:40:03
60132,B10-0005297,2024-01-11T18:40:45
60134,B02-0004267,2024-01-11T18:41:01
60161,B02-0004267,2024-01-11T18:49:02
60230,B10-0005297,2024-01-11T19:07:04
60247,B10-0005297,2024-01-11T19:10:22
60250,B02-0004267,2024-01-11T19:10:53
60356,B94-0003765,2024-01-11T19:38:26
60359,B94-0003765,2024-01-11T19:39:17
60370,B94-0003765,2024-01-11T19:42:03
60430,B94-0003765,2024-01-11T19:57:04
60459,B10-0005297,2024-01-11T20:04:25
60535,B94-0003765,2024-01-11T20:25:06
60671,B10-0005297,2024-01-11T20:59:51
60691,B02-0004267,2024-01-11T21:05:22
60928,B02-0004267,2024-01-11T22:03:40
60943,B10-0005297,2024-01-11T22:07:54
60996,B10-0005297,2024-01-11T22:22:45
61003,B10-0005297,2024-01-11T22:24:38
61053,B94-0003765,2024-01-11T22:38:53
61131,B10-0005297,2024-01-11T22:57:28
61136,B94-0003765,2024-01-11T22:58:34
61175,B10-0005297,2024-01-11T23:09:06
61340,B94-0003765,2024-01-11T23:53:08
61516,B94-0003765,2024-01-12T00:40:50
61517,B94-0003765,2024-01-12T00:41:10
61534,B02-0004267,2024-01-12T00:45:17
61546,B94-0003765,2024-01-12T00:48:10
61547,B94-0003765,2024-01-12T00:48:21
61616,B10-0005297,2024-01-12T01:06:20
61841,B02-0004267,2024-01-12T02:04:12
61877,B02-0004267,2024-01-12T02:13:17
61881,B02-0004267,2024-01-12T02:14:06
61931,B94-0003765,2024-01-12T02:26:28
61932,B94-0003765,2024-01-12T02:26:52
62011,B94-0003765,2024-01-12T02:48:40
62042,B02-0004267,2024-01-12T02:57:29
62043,B02-0004267,2024-01-12T02:57:41
62068,B94-0003765,2024-01-12T03:04:09
62117,B94-0003765,2024-01-12T03:17:34
62480,B94-0003765,2024-01-12T04:52:30
62532,B02-0004267,2024-01-12T05:06:34
62552,B10-0005297,2024-01-12T05:12:02
62659,B94-0003765,2024-01-12T05:38:50
62962,B94-0003765,2024-01-12T07:02:20
63068,B94-0003765,2024-01-12T07:31:07
63082,B10-0005297,2024-01-12T07:34:17
63154,B02-0004267,2024-01-12T07:51:09
63207,B10-0005297,2024-01-12T08:04:37
63227,B02-0004267,2024-01-12T08:09:06
63266,B94-0003765,2024-01-12T08:18:28
63282,B02-0004267,2024-01-12T08:23:12
63296,B94-0003765,2024-01-12T08:26:58
63297,B02-0004267,2024-01-12T08:27:02
63365,B94-0003765,2024-01-12T08:45:06
63493,B94-0003765,2024-01-12T09:17:38
63560,B94-0003765,2024-01-12T09:34:46
63571,B94-0003765,2024-01-12T09:37:21
63626,B94-0003765,2024-01-12T09:50:33
63675,B10-0005297,2024-01-12T10:04:09
63861,B10-0005297,2024-01-12T10:54:02
63880,B10-0005297,2024-01-12T10:59:22
63993,B02-0004267,2024-01-12T11:29:16
64115,B94-0003765,2024-01-12T12:03:05
64138,B10-0005297,2024-01-12T12:09:37
64154,B94-0003765,2024-01-12T12:13:57
64155,B02-0004267,2024-01-12T12:14:17
64196,B02-0004267,2024-01-12T12:25:11
64204,B10-0005297,2024-01-12T12:27:07
64216,B02-0004267,2024-01-12T12:29:43
6422,B02-0004267,2024-01-02T03:35:01
64549,B02-0004267,2024-01-12T13:56:36
64594,B02-0004267,2024-01-12T14:10:56
64600,B10-0005297,2024-01-12T14:12:17
64618,B94-0003765,2024-01-12T14:17:11
64655,B02-0004267,2024-01-12T14:27:51
64726,B10-0005297,2024-01-12T14:46:08
64866,B02-0004267,2024-01-12T15:22:09
64969,B02-0004267,2024-01-12T15:46:33
65065,B94-0003765,2024-01-12T16:12:38
65083,B10-0005297,2024-01-12T16:17:29
65143,B94-0003765,2024-01-12T16:33:04
65192,B94-0003765,2024-01-12T16:45:31
65405,B94-0003765,2024-01-12T17:39:53
65431,B02-0004267,2024-01-12T17:46:45
65538,B94-0003765,2024-01-12T18:16:27
65698,B02-0004267,2024-01-12T18:55:24
65782,B94-0003765,2024-01-12T19:15:33
65803,B10-0005297,2024-01-12T19:19:59
65845,B10-0005297,2024-01-12T19:32:01
66196,B10-0005297,2024-01-12T21:00:43
66344,B02-0004267,2024-01-12T21:42:06
66705,B94-0003765,2024-01-12T23:13:33
66772,B10-0005297,2024-01-12T23:30:11
66789,B02-0004267,2024-01-12T23:34:09
66817,B94-0003765,2024-01-12T23:41:40
66837,B02-0004267,2024-01-12T23:46:28
66976,B94-0003765,2024-01-13T00:22:49
66991,B10-0005297,2024-01-13T00:26:28
67009,B94-0003765,2024-01-13T00:31:37
67037,B94-0003765,2024-01-13T00:37:38
67063,B02-0004267,2024-01-13T00:45:22
67101,B10-0005297,2024-01-13T00:53:38
67278,B94-0003765,2024-01-13T01:40:09
67314,B02-0004267,2024-01-13T01:50:21
67385,B10-0005297,2024-01-13T02:09:08
67475,B94-0003765,2024-01-13T02:35:12
6751,B02-0004267,2024-01-02T05:02:15
67517,B10-0005297,2024-01-13T02:45:23
67658,B94-0003765,2024-01-13T03:20:21
67676,B94-0003765,2024-01-13T03:25:31
67688,B94-0003765,2024-01-13T03:28:25
67718,B94-0003765,2024-01-13T03:36:23
67727,B02-0004267,2024-01-13T03:38:58
67728,B10-0005297,2024-01-13T03:39:11
67879,B10-0005297,2024-01-13T04:18:07
67884,B10-0005297,2024-01-13T04:19:33
67896,B02-0004267,2024-01-13T04:23:08
67897,B10-0005297,2024-01-13T04:23:16
68036,B94-0003765,2024-01-13T05:02:47
68135,B10-0005297,2024-01-13T05:29:14
68179,B94-0003765,2024-01-13T05:40:09
68308,B94-0003765,2024-01-13T06:12:54
68353,B94-0003765,2024-01-13T06:26:46
68364,B10-0005297,2024-01-13T06:30:30
68468,B02-0004267,2024-01-13T06:58:57
68497,B02-0004267,2024-01-13T07:05:45
6851,B94-0003765,2024-01-02T05:26:25
68541,B94-0003765,2024-01-13T07:17:13
68601,B94-0003765,2024-01-13T07:32:19
68860,B02-0004267,2024-01-13T08:42:43
69182,B10-0005297,2024-01-13T10:11:51
69257,B94-0003765,2024-01-13T10:30:06
69508,B02-0004267,2024-01-13T11:37:11
6956,B10-0005297,2024-01-02T05:54:48
69566,B94-0003765,2024-01-13T11:53:10
69609,B02-0004267,2024-01-13T12:04:58
69620,B02-0004267,2024-01-13T12:07:27
69665,B02-0004267,2024-01-13T12:20:16
69753,B02-0004267,2024-01-13T12:44:10
69804,B10-0005297,2024-01-13T12:57:04
69850,B94-0003765,2024-01-13T13:09:15
70038,B10-0005297,2024-01-13T13:59:03
70233,B94-0003765,2024-01-13T14:46:20
70234,B94-0003765,2024-01-13T14:46:29
70280,B10-0005297,2024-01-13T14:58:12
70345,B02-0004267,2024-01-13T15:16:01
70444,B02-0004267,2024-01-13T15:43:32
70479,B94-0003765,2024-01-13T15:53:26
70499,B02-0004267,2024-01-13T15:57:29
70560,B02-0004267,2024-01-13T16:12:51
70604,B02-0004267,2024-01-13T16:24:18
70616,B94-0003765,2024-01-13T16:27:31
7075,B94-0003765,2024-01-02T06:25:12
70755,B10-0005297,2024-01-13T17:03:16
70871,B02-0004267,2024-01-13T17:32:48
70925,B10-0005297,2024-01-13T17:46:40
71049,B94-0003765,2024-01-13T18:16:25
71110,B94-0003765,2024-01-13T18:30:57
71113,B94-0003765,2024-01-13T18:31:39
71195,B94-0003765,2024-01-13T18:53:35
71241,B02-0004267,2024-01-13T19:04:38
71254,B02-0004267,2024-01-13T19:07:29
71324,B94-0003765,2024-01-13T19:26:09
71359,B94-0003765,2024-01-13T19:35:20
71369,B94-0003765,2024-01-13T19:37:40
71398,B10-0005297,2024-01-13T19:45:32
71444,B10-0005297,2024-01-13T19:58:33
71512,B02-0004267,2024-01-13T20:17:47
71531,B10-0005297,2024-01-13T20:22:02
71753,B94-0003765,2024-01-13T21:16:31
71875,B94-0003765,2024-01-13T21:48:58
71896,B94-0003765,2024-01-13T21:54:34
71907,B10-0005297,2024-01-13T21:57:34
71943,B94-0003765,2024-01-13T22:08:02
71944,B94-0003765,2024-01-13T22:08:04
72011,B10-0005297,2024-01-13T22:26:53
72092,B02-0004267,2024-01-13T22:45:28
72185,B94-0003765,2024-01-13T23:08:50
72241,B02-0004267,2024-01-13T23:23:31
72318,B94-0003765,2024-01-13T23:43:21
72389,B94-0003765,2024-01-14T00:02:15
72399,B10-0005297,2024-01-14T00:04:38
72711,B10-0005297,2024-01-14T01:27:18
72721,B94-0003765,2024-01-14T01:30:13
72722,B94-0003765,2024-01-14T01:30:17
72831,B10-0005297,2024-01-14T01:58:36
72965,B02-0004267,2024-01-14T02:33:05
73003,B02-0004267,2024-01-14T02:43:29
73011,B02-0004267,2024-01-14T02:45:46
73040,B02-0004267,2024-01-14T02:53:58
73181,B02-0004267,2024-01-14T03:31:42
73185,B94-0003765,2024-01-14T03:32:51
73272,B10-0005297,2024-01-14T03:56:43
73294,B94-0003765,2024-01-14T04:01:19
73310,B94-0003765,2024-01-14T04:04:28
73460,B10-0005297,2024-01-14T04:42:57
73511,B94-0003765,2024-01-14T04:58:08
73531,B94-0003765,2024-01-14T05:02:40
73609,B02-0004267,2024-01-14T05:24:03
73610,B02-0004267,2024-01-14T05:24:05
73620,B94-0003765,2024-01-14T05:26:41
73736,B02-0004267,2024-01-14T05:57:48
73814,B10-0005297,2024-01-14T06:17:52
73829,B10-0005297,2024-01-14T06:20:50
73862,B10-0005297,2024-01-14T06:30:37
73982,B10-0005297,2024-01-14T06:59:41
74000,B94-0003765,2024-01-14T07:04:41
74102,B94-0003765,2024-01-14T07:29:11
74118,B02-0004267,2024-01-14T07:33:21
74132,B10-0005297,2024-01-14T07:36:59
74314,B94-0003765,2024-01-14T08:25:11
74455,B02-0004267,2024-01-14T09:02:21
74577,B94-0003765,2024-01-14T09:33:31
74639,B94-0003765,2024-01-14T09:50:17
74814,B94-0003765,2024-01-14T10:34:18
74885,B10-0005297,2024-01-14T10:52:17
74887,B10-0005297,2024-01-14T10:52:53
75023,B02-0004267,2024-01-14T11:24:51
75060,B94-0003765,2024-01-14T11:33:03
75099,B94-0003765,2024-01-14T11:42:50
75131,B02-0004267,2024-01-14T11:50:58
75196,B94-0003765,2024-01-14T12:08:17
75220,B94-0003765,2024-01-14T12:14:00
75353,B94-0003765,2024-01-14T12:48:10
75578,B02-0004267,2024-01-14T13:44:14
75587,B10-0005297,2024-01-14T13:46:26
75687,B02-0004267,2024-01-14T14:12:26
75757,B94-0003765,2024-01-14T14:28:49
75760,B94-0003765,2024-01-14T14:29:14
75804,B10-0005297,2024-01-14T14:39:23
75810,B02-0004267,2024-01-14T14:40:30
75891,B94-0003765,2024-01-14T15:01:36
75892,B10-0005297,2024-01-14T15:02:06
75986,B94-0003765,2024-01-14T15:28:29
75991,B94-0003765,2024-01-14T15:29:50
75996,B10-0005297,2024-01-14T15:31:07
76039,B94-0003765,2024-01-14T15:41:50
76102,B94-0003765,2024-01-14T15:58:10
76144,B94-0003765,2024-01-14T16:09:39
76166,B10-0005297,2024-01-14T16:14:17
76226,B10-0005297,2024-01-14T16:30:35
76239,B94-0003765,2024-01-14T16:33:42
76267,B10-0005297,2024-01-14T16:40:32
76272,B10-0005297,2024-01-14T16:41:28
76325,B10-0005297,2024-01-14T16:56:11
76364,B94-0003765,2024-01-14T17:07:43
76598,B10-0005297,2024-01-14T18:08:54
76607,B10-0005297,2024-01-14T18:11:05
76613,B10-0005297,2024-01-14T18:12:47
76684,B94-0003765,2024-01-14T18:29:55
76740,B02-0004267,2024-01-14T18:45:17
76804,B94-0003765,2024-01-14T19:03:15
76826,B94-0003765,2024-01-14T19:09:09
76907,B94-0003765,2024-01-14T19:31:13
77019,B94-0003765,2024-01-14T20:01:45
77030,B10-0005297,2024-01-14T20:04:42
77111,B02-0004267,2024-01-14T20:22:41
77131,B02-0004267,2024-01-14T20:28:07
77183,B10-0005297,2024-01-14T20:39:25
77300,B02-0004267,2024-01-14T21:13:19
77348,B94-0003765,2024-01-14T21:25:32
77353,B10-0005297,2024-01-14T21:27:07
77371,B10-0005297,2024-01-14T21:30:52
77491,B02-0004267,2024-01-14T22:02:36
77542,B02-0004267,2024-01-14T22:14:39
77589,B10-0005297,2024-01-14T22:26:55
77614,B94-0003765,2024-01-14T22:32:55
77660,B10-0005297,2024-01-14T22:43:52
77724,B10-0005297,2024-01-14T22:59:26
77870,B94-0003765,2024-01-14T23:37:40
77896,B94-0003765,2024-01-14T23:44:33
7793,B02-0004267,2024-01-02T09:34:32
77946,B10-0005297,2024-01-14T23:56:25
77969,B02-0004267,2024-01-15T00:01:05
77977,B02-0004267,2024-01-15T00:02:19
77983,B94-0003765,2024-01-15T00:04:10
78008,B10-0005297,2024-01-15T00:11:09
78010,B10-0005297,2024-01-15T00:11:46
78062,B02-0004267,2024-01-15T00:25:44
78086,B10-0005297,2024-01-15T00:32:04
78089,B02-0004267,2024-01-15T00:32:50
78096,B10-0005297,2024-01-15T00:34:52
78120,B94-0003765,2024-01-15T00:40:00
78351,B02-0004267,2024-01-15T01:42:30
78390,B94-0003765,2024-01-15T01:52:44
78538,B02-0004267,2024-01-15T02:31:14
78615,B02-0004267,2024-01-15T02:50:05
78726,B02-0004267,2024-01-15T03:18:05
78808,B02-0004267,2024-01-15T03:36:39
7881,B94-0003765,2024-01-02T09:57:17
78957,B10-0005297,2024-01-15T04:11:51
79122,B94-0003765,2024-01-15T04:52:22
79132,B10-0005297,2024-01-15T04:54:50
79188,B94-0003765,2024-01-15T05:11:00
79286,B94-0003765,2024-01-15T05:36:02
79287,B94-0003765,2024-01-15T05:36:06
79309,B10-0005297,2024-01-15T05:41:45
79445,B94-0003765,2024-01-15T06:15:34
79482,B02-0004267,2024-01-15T06:26:05
79526,B10-0005297,2024-01-15T06:36:20
79555,B10-0005297,2024-01-15T06:44:27
79626,B94-0003765,2024-01-15T06:59:57
79801,B94-0003765,2024-01-15T07:42:05
80056,B10-0005297,2024-01-15T08:46:05
80110,B10-0005297,2024-01-15T08:58:15
80136,B94-0003765,2024-01-15T09:05:39
80137,B94-0003765,2024-01-15T09:05:51
80168,B10-0005297,2024-01-15T09:15:12
8032,B94-0003765,2024-01-02T10:38:02
80338,B10-0005297,2024-01-15T09:59:17
80468,B94-0003765,2024-01-15T10:34:12
80519,B94-0003765,2024-01-15T10:46:13
80746,B94-0003765,2024-01-15T11:47:11
80813,B10-0005297,2024-01-15T12:03:52
80830,B02-0004267,2024-01-15T12:08:30
80836,B02-0004267,2024-01-15T12:10:16
80930,B94-0003765,2024-01-15T12:33:47
80937,B02-0004267,2024-01-15T12:35:13
81072,B10-0005297,2024-01-15T13:10:38
81083,B10-0005297,2024-01-15T13:13:15
81106,B94-0003765,2024-01-15T13:18:26
81305,B10-0005297,2024-01-15T14:09:52
81516,B02-0004267,2024-01-15T15:05:14
81517,B02-0004267,2024-01-15T15:05:21
81619,B94-0003765,2024-01-15T15:29:44
81840,B02-0004267,2024-01-15T16:24:37
81915,B02-0004267,2024-01-15T16:44:32
82204,B94-0003765,2024-01-15T17:57:16
82304,B10-0005297,2024-01-15T18:23:58
82320,B10-0005297,2024-01-15T18:27:36
82394,B10-0005297,2024-01-15T18:45:31
82641,B02-0004267,2024-01-15T19:49:06
82657,B02-0004267,2024-01-15T19:53:26
82870,B10-0005297,2024-01-15T20:45:55
82871,B10-0005297,2024-01-15T20:46:00
82874,B94-0003765,2024-01-15T20:46:30
82908,B94-0003765,2024-01-15T20:54:19
82929,B02-0004267,2024-01-15T20:58:44
82995,B10-0005297,2024-01-15T21:14:09
83024,B10-0005297,2024-01-15T21:20:27
83035,B10-0005297,2024-01-15T21:23:14
83175,B94-0003765,2024-01-15T21:57:39
83231,B94-0003765,2024-01-15T22:12:16
83417,B94-0003765,2024-01-15T23:01:47
83508,B10-0005297,2024-01-15T23:24:28
83528,B94-0003765,2024-01-15T23:29:24
83534,B02-0004267,2024-01-15T23:31:01
83547,B02-0004267,2024-01-15T23:35:33
83608,B94-0003765,2024-01-15T23:50:35
83651,B94-0003765,2024-01-16T00:01:16
83679,B02-0004267,2024-01-16T00:06:24
83722,B94-0003765,2024-01-16T00:17:10
83840,B02-0004267,2024-01-16T00:49:15
83881,B10-0005297,2024-01-16T00:58:19
83900,B10-0005297,2024-01-16T01:03:08
84123,B02-0004267,2024-01-16T01:56:52
84195,B02-0004267,2024-01-16T02:17:00
84320,B10-0005297,2024-01-16T02:45:52
84578,B94-0003765,2024-01-16T03:53:48
84596,B10-0005297,2024-01-16T03:58:14
84620,B02-0004267,2024-01-16T04:05:04
84649,B94-0003765,2024-01-16T04:11:12
84673,B10-0005297,2024-01-16T04:17:16
84730,B94-0003765,2024-01-16T04:33:52
84739,B10-0005297,2024-01-16T04:35:39
84807,B10-0005297,2024-01-16T04:50:51
84828,B10-0005297,2024-01-16T04:55:54
84897,B02-0004267,2024-01-16T05:12:41
84977,B94-0003765,2024-01-16T05:33:28
84988,B10-0005297,2024-01-16T05:35:04
85178,B10-0005297,2024-01-16T06:26:00
85180,B10-0005297,2024-01-16T06:26:40
85248,B10-0005297,2024-01-16T06:44:18
85269,B94-0003765,2024-01-16T06:48:47
85270,B94-0003765,2024-01-16T06:48:48
85273,B10-0005297,2024-01-16T06:49:49
85662,B10-0005297,2024-01-16T08:27:14
85751,B10-0005297,2024-01-16T08:48:28
85761,B02-0004267,2024-01-16T08:50:51
85851,B02-0004267,2024-01-16T09:11:33
85937,B10-0005297,2024-01-16T09:34:18
85987,B02-0004267,2024-01-16T09:47:36
86339,B10-0005297,2024-01-16T11:15:32
86403,B10-0005297,2024-01-16T11:32:07
86411,B10-0005297,2024-01-16T11:34:06
86522,B94-0003765,2024-01-16T12:01:40
86536,B94-0003765,2024-01-16T12:04:06
86640,B10-0005297,2024-01-16T12:30:37
86933,B02-0004267,2024-01-16T13:42:37
86936,B10-0005297,2024-01-16T13:43:51
87318,B94-0003765,2024-01-16T15:22:54
87329,B02-0004267,2024-01-16T15:25:39
87348,B94-0003765,2024-01-16T15:31:50
87433,B02-0004267,2024-01-16T15:53:26
87458,B10-0005297,2024-01-16T16:00:21
87555,B94-0003765,2024-01-16T16:23:50
87578,B10-0005297,2024-01-16T16:30:59
87585,B02-0004267,2024-01-16T16:32:36
87666,B10-0005297,2024-01-16T16:52:32
87832,B10-0005297,2024-01-16T17:29:23
88093,B10-0005297,2024-01-16T18:38:33
88171,B94-0003765,2024-01-16T19:00:01
88260,B02-0004267,2024-01-16T19:21:55
88444,B10-0005297,2024-01-16T20:08:14
88639,B94-0003765,2024-01-16T21:01:04
88686,B94-0003765,2024-01-16T21:11:40
88702,B94-0003765,2024-01-16T21:15:50
88748,B10-0005297,2024-01-16T21:26:34
88810,B10-0005297,2024-01-16T21:41:45
88892,B94-0003765,2024-01-16T22:03:37
88898,B02-0004267,2024-01-16T22:04:58
89071,B94-0003765,2024-01-16T22:46:21
8908,B94-0003765,2024-01-02T14:27:12
89103,B02-0004267,2024-01-16T22:53:43
89149,B02-0004267,2024-01-16T23:04:31
89260,B02-0004267,2024-01-16T23:32:41
89299,B94-0003765,2024-01-16T23:43:07
89304,B94-0003765,2024-01-16T23:44:04
89340,B10-0005297,2024-01-16T23:53:42
89558,B02-0004267,2024-01-17T00:52:08
89664,B10-0005297,2024-01-17T01:19:46
89748,B94-0003765,2024-01-17T01:43:38
89821,B94-0003765,2024-01-17T02:00:23
89877,B94-0003765,2024-01-17T02:14:53
89892,B94-0003765,2024-01-17T02:19:16
89910,B02-0004267,2024-01-17T02:23:44
89982,B94-0003765,2024-01-17T02:43:28
90144,B10-0005297,2024-01-17T03:25:14
90145,B10-0005297,2024-01-17T03:25:22
90183,B02-0004267,2024-01-17T03:34:38
90194,B94-0003765,2024-01-17T03:36:47
90305,B10-0005297,2024-01-17T04:03:03
90385,B10-0005297,2024-01-17T04:26:29
90398,B10-0005297,2024-01-17T04:29:37
90562,B10-0005297,2024-01-17T05:13:14
90583,B94-0003765,2024-01-17T05:18:32
90670,B10-0005297,2024-01-17T05:40:52
90671,B10-0005297,2024-01-17T05:41:18
90673,B10-0005297,2024-01-17T05:42:10
90740,B02-0004267,2024-01-17T06:00:34
90775,B94-0003765,2024-01-17T06:10:04
90801,B02-0004267,2024-01-17T06:16:26
90911,B94-0003765,2024-01-17T06:45:16
90972,B02-0004267,2024-01-17T07:01:31
91004,B02-0004267,2024-01-17T07:11:32
91095,B02-0004267,2024-01-17T07:34:27
91171,B94-0003765,2024-01-17T07:54:01
9118,B94-0003765,2024-01-02T15:19:22
91232,B10-0005297,2024-01-17T08:08:18
91277,B10-0005297,2024-01-17T08:20:13
91404,B94-0003765,2024-01-17T08:51:05
91448,B10-0005297,2024-01-17T09:03:36
91481,B02-0004267,2024-01-17T09:12:04
91531,B10-0005297,2024-01-17T09:23:39
91548,B94-0003765,2024-01-17T09:27:59
91591,B94-0003765,2024-01-17T09:39:08
91598,B02-0004267,2024-01-17T09:41:15
91644,B10-0005297,2024-01-17T09:53:56
91783,B02-0004267,2024-01-17T10:30:05
91901,B94-0003765,2024-01-17T11:02:25
91962,B10-0005297,2024-01-17T11:18:09
92080,B10-0005297,2024-01-17T11:50:23
92146,B02-0004267,2024-01-17T12:08:07
92321,B02-0004267,2024-01-17T12:54:39
92455,B10-0005297,2024-01-17T13:25:46
92492,B10-0005297,2024-01-17T13:36:35
92520,B94-0003765,2024-01-17T13:44:14
92556,B02-0004267,2024-01-17T13:52:51
92690,B94-0003765,2024-01-17T14:26:46
92726,B02-0004267,2024-01-17T14:36:12
92750,B02-0004267,2024-01-17T14:41:11
92789,B94-0003765,2024-01-17T14:51:11
92868,B10-0005297,2024-01-17T15:10:47
92883,B02-0004267,2024-01-17T15:14:38
92907,B02-0004267,2024-01-17T15:20:33
92996,B94-0003765,2024-01-17T15:44:31
93031,B02-0004267,2024-01-17T15:53:53
93063,B94-0003765,2024-01-17T16:02:13
93076,B02-0004267,2024-01-17T16:04:49
93323,B02-0004267,2024-01-17T17:04:17
93340,B02-0004267,2024-01-17T17:09:22
9335,B94-0003765,2024-01-02T16:16:28
93361,B10-0005297,2024-01-17T17:14:41
93466,B94-0003765,2024-01-17T17:41:19
93469,B02-0004267,2024-01-17T17:42:28
93629,B94-0003765,2024-01-17T18:22:33
93783,B02-0004267,2024-01-17T19:04:38
93795,B94-0003765,2024-01-17T19:07:45
93871,B02-0004267,2024-01-17T19:25:36
93966,B10-0005297,2024-01-17T19:48:37
94004,B02-0004267,2024-01-17T19:58:41
94067,B94-0003765,2024-01-17T20:13:41
94258,B02-0004267,2024-01-17T21:01:29
94292,B02-0004267,2024-01-17T21:10:12
94329,B02-0004267,2024-01-17T21:18:09
94347,B94-0003765,2024-01-17T21:22:48
94399,B94-0003765,2024-01-17T21:36:23
94466,B02-0004267,2024-01-17T21:54:00
94486,B02-0004267,2024-01-17T21:59:53
9462,B94-0003765,2024-01-02T16:47:43
94653,B94-0003765,2024-01-17T22:44:08
94666,B94-0003765,2024-01-17T22:47:47
94735,B02-0004267,2024-01-17T23:07:12
94776,B02-0004267,2024-01-17T23:18:27
94815,B02-0004267,2024-01-17T23:27:19
9484,B10-0005297,2024-01-02T16:52:28
94861,B02-0004267,2024-01-17T23:39:53
94862,B02-0004267,2024-01-17T23:39:57
94888,B10-0005297,2024-01-17T23:47:56
94896,B94-0003765,2024-01-17T23:50:30
94945,B94-0003765,2024-01-18T00:02:58
94948,B94-0003765,2024-01-18T00:03:19
95038,B02-0004267,2024-01-18T00:26:29
95075,B10-0005297,2024-01-18T00:34:48
95135,B10-0005297,2024-01-18T00:51:33
95168,B94-0003765,2024-01-18T01:00:16
95268,B94-0003765,2024-01-18T01:26:31
95274,B94-0003765,2024-01-18T01:27:40
95305,B94-0003765,2024-01-18T01:34:05
95326,B94-0003765,2024-01-18T01:39:07
95415,B10-0005297,2024-01-18T02:03:40
95428,B94-0003765,2024-01-18T02:06:21
95451,B10-0005297,2024-01-18T02:13:46
95663,B02-0004267,2024-01-18T03:10:45
95675,B10-0005297,2024-01-18T03:13:24
95757,B02-0004267,2024-01-18T03:34:38
95865,B10-0005297,2024-01-18T04:03:38
95883,B94-0003765,2024-01-18T04:08:59
95951,B94-0003765,2024-01-18T04:26:47
96021,B02-0004267,2024-01-18T04:44:57
96123,B94-0003765,2024-01-18T05:13:16
96280,B10-0005297,2024-01-18T05:53:23
96374,B94-0003765,2024-01-18T06:15:03
96424,B94-0003765,2024-01-18T06:27:29
96434,B94-0003765,2024-01-18T06:30:04
96611,B02-0004267,2024-01-18T07:15:17
96758,B02-0004267,2024-01-18T07:51:58
96909,B94-0003765,2024-01-18T08:32:57
96959,B02-0004267,2024-01-18T08:46:17
97044,B02-0004267,2024-01-18T09:09:27
97075,B10-0005297,2024-01-18T09:16:35
97154,B94-0003765,2024-01-18T09:37:04
97169,B10-0005297,2024-01-18T09:40:32
97183,B94-0003765,2024-01-18T09:44:50
97224,B94-0003765,2024-01-18T09:56:00
97295,B10-0005297,2024-01-18T10:16:29
97318,B10-0005297,2024-01-18T10:21:41
97333,B02-0004267,2024-01-18T10:26:29
97477,B94-0003765,2024-01-18T11:02:16
97484,B10-0005297,2024-01-18T11:04:20
97697,B10-0005297,2024-01-18T11:59:13
97716,B10-0005297,2024-01-18T12:03:40
97800,B94-0003765,2024-01-18T12:26:00
97807,B02-0004267,2024-01-18T12:28:01
97981,B10-0005297,2024-01-18T13:14:29
98076,B10-0005297,2024-01-18T13:38:37
98077,B02-0004267,2024-01-18T13:39:00
98085,B10-0005297,2024-01-18T13:40:42
98089,B10-0005297,2024-01-18T13:41:36
98111,B94-0003765,2024-01-18T13:47:53
98204,B94-0003765,2024-01-18T14:11:15
98300,B94-0003765,2024-01-18T14:33:04
98302,B94-0003765,2024-01-18T14:33:42
98304,B94-0003765,2024-01-18T14:34:25
98395,B94-0003765,2024-01-18T14:59:04
98490,B94-0003765,2024-01-18T15:24:11
98509,B10-0005297,2024-01-18T15:30:14
98527,B02-0004267,2024-01-18T15:35:31
98550,B02-0004267,2024-01-18T15:41:16
98590,B94-0003765,2024-01-18T15:51:38
98841,B10-0005297,2024-01-18T16:58:44
98883,B10-0005297,2024-01-18T17:09:53
98929,B10-0005297,2024-01-18T17:23:12
99012,B02-0004267,2024-01-18T17:46:34
99068,B94-0003765,2024-01-18T18:02:12
99103,B02-0004267,2024-01-18T18:10:01
99104,B02-0004267,2024-01-18T18:10:24
99177,B02-0004267,2024-01-18T18:29:28
99217,B02-0004267,2024-01-18T18:40:48
99352,B94-0003765,2024-01-18T19:14:44
99469,B10-0005297,2024-01-18T19:42:58
99488,B94-0003765,2024-01-18T19:47:40
99531,B02-0004267,2024-01-18T19:58:34
99746,B10-0005297,2024-01-18T20:48:38
99856,B02-0004267,2024-01-18T21:14:21
9988,B10-0005297,2024-01-02T19:01:24
99933,B94-0003765,2024-01-18T21:33:21
99992,B10-0005297,2024-01-18T21:48:16
99994,B10-0005297,2024-01-18T21:48:32
